side_a_id,side_b_id,incompatibility,year,intensity_level,cumulative_intensity,type_of_conflict,ep_end
141,1163,1,2012,1,0,3,1
141,1163,1,2014,1,0,3,1
117,121,1,1967,2,1,2,1
117,121,1,1969,1,1,2,0
117,121,1,1970,1,1,2,1
117,121,1,1973,2,1,2,1
112,1129,1,2011,1,0,3,1
57,172,1,1946,1,0,3,1
113,1124,2,2012,1,0,3,0
144,182,2,1948,2,1,3,0
113,4226,2,2014,2,1,4,0
113,4226,2,2015,1,1,4,0
113,4226,2,2016,1,1,3,0
113,4226,2,2017,1,1,3,0
113,4226,2,2018,1,1,3,0
113,6794,2,2019,1,1,3,0
113,6794,2,2020,1,1,3,0
144,1050,1,1948,1,0,3,0
144,182,2,1949,2,1,3,0
111,7046,2,2013,1,1,3,0
144,1050,1,1949,1,0,3,0
111,5802,2,2015,1,1,3,1
144,182,2,1950,2,1,3,0
111,5802,2,2019,2,1,4,0
111,5802,2,2020,1,1,4,1
72,539,2,2009,1,0,3,1
144,1050,1,1950,1,0,3,0
144,182,2,1951,2,1,3,0
144,1050,1,1951,1,0,3,0
144,182,2,1952,2,1,3,0
144,1050,1,1952,1,0,3,0
144,182,2,1953,2,1,3,0
72,6716,2,2018,1,1,4,0
72,6716,2,2019,1,1,4,0
72,6716,2,2020,1,1,4,0
72,6716,2,2021,1,1,4,0
72,6716,2,2022,2,1,4,0
113,112,1,2012,1,0,2,1
135,1156,1,2008,1,0,3,1
144,1050,1,1953,1,0,3,0
143,1165,2,2006,1,0,3,1
97,1115,1,1991,1,0,3,1
144,224,1,1991,1,0,3,1
144,224,1,1995,1,0,3,1
144,224,1,2000,1,0,3,0
144,224,1,2001,1,0,3,1
144,224,1,2005,1,0,3,0
144,224,1,2006,1,0,3,0
144,224,1,2007,1,0,3,1
152,4006,1,2013,1,0,3,1
2,178,2,1947,2,1,3,0
2,178,2,1948,2,1,3,1
118,4163,1,2012,1,0,3,0
118,4163,1,2013,1,0,3,0
118,4163,1,2014,1,0,3,0
118,4163,1,2015,1,0,3,1
61,5817,2,2014,1,0,3,1
57,61,3,2022,2,1,2,0
61,5840,1,2014,2,1,4,1
61,5839,1,2014,2,1,4,1
61,5914,1,2014,2,1,4,0
144,1050,1,1954,1,0,3,0
144,1050,1,1955,1,0,3,0
33,403,1,1955,2,1,1,0
26,1113,2,1955,1,0,3,1
144,1050,1,1956,1,0,3,0
33,403,1,1956,2,1,1,0
117,33,1,1956,2,1,2,1
61,6711,1,2022,1,1,4,0
132,131,1,2021,1,0,2,0
132,131,1,2022,1,0,2,0
57,234,1,2015,1,0,3,0
57,234,1,2016,1,0,3,0
57,234,1,2017,1,0,3,0
57,234,1,2018,1,0,3,0
57,234,1,2019,1,0,3,0
57,234,1,2020,1,0,3,1
118,234,1,2013,2,1,3,0
118,234,1,2014,2,1,3,0
118,234,1,2015,2,1,4,0
118,234,1,2016,2,1,4,0
118,234,1,2017,2,1,4,0
118,234,1,2018,2,1,4,0
118,234,1,2019,1,1,4,0
118,234,1,2020,2,1,4,0
118,234,1,2021,1,1,4,0
118,234,1,2022,1,1,4,0
72,6267,1,2015,1,0,3,1
130,234,1,2015,1,0,4,0
130,234,1,2016,2,1,4,0
130,234,1,2017,2,1,4,0
130,234,1,2018,2,1,4,0
130,234,1,2019,2,1,4,0
130,234,1,2020,1,1,4,0
130,234,1,2021,1,1,4,0
130,234,1,2022,1,1,3,0
83,234,1,2015,1,0,4,0
83,234,1,2016,1,0,3,1
83,234,1,2019,1,0,4,1
83,234,1,2021,1,0,4,1
75,234,1,2015,1,0,4,0
75,234,1,2016,1,0,4,0
75,234,1,2017,1,0,4,0
75,234,1,2018,1,0,4,0
75,234,1,2019,1,1,4,0
75,234,1,2020,1,1,4,0
75,234,1,2021,1,1,4,0
75,234,1,2022,1,1,4,0
87,234,1,2015,1,0,3,1
87,234,1,2017,1,0,3,0
87,234,1,2018,1,0,3,0
87,234,1,2019,1,0,3,0
87,234,1,2020,1,0,3,0
87,234,1,2021,1,0,3,0
87,234,1,2022,1,0,3,0
84,234,1,2015,2,1,4,0
84,234,1,2016,2,1,4,0
84,234,1,2017,1,1,4,0
84,234,1,2018,1,1,4,0
84,234,1,2019,2,1,4,0
84,234,1,2020,2,1,4,0
84,234,1,2021,2,1,4,0
84,234,1,2022,2,1,4,0
123,234,1,2015,1,0,3,1
123,234,1,2017,1,0,3,1
123,234,1,2020,1,0,3,1
91,717,1,2015,1,0,3,0
91,717,1,2016,1,0,3,0
91,717,1,2017,1,0,3,0
91,717,1,2018,1,0,3,0
91,717,1,2019,1,0,4,0
91,717,1,2020,1,0,4,0
91,717,1,2021,1,0,4,0
91,717,1,2022,1,0,3,0
117,234,1,2015,1,0,3,0
117,234,1,2016,1,1,3,0
117,234,1,2017,1,1,3,0
117,234,1,2018,1,1,3,0
117,234,1,2019,1,1,3,0
117,234,1,2020,1,1,3,0
117,234,1,2021,1,1,3,0
117,234,1,2022,1,1,3,0
141,6320,1,2015,1,0,3,0
141,6320,1,2016,1,0,3,0
141,6320,1,2017,1,0,3,0
141,6320,1,2018,1,0,3,1
143,234,1,2016,1,0,3,0
143,234,1,2017,1,0,3,1
119,234,1,2014,1,0,3,0
119,234,1,2015,1,0,3,1
119,234,1,2017,1,0,3,1
144,1050,1,1957,1,0,3,0
111,234,1,2015,1,0,3,0
111,234,1,2016,2,1,4,0
111,234,1,2017,1,1,4,0
111,234,1,2018,1,1,4,0
111,234,1,2019,1,1,4,1
109,234,1,2015,1,0,3,1
118,6288,3,2016,1,0,3,1
118,6288,3,2018,1,0,3,1
78,234,1,2019,1,0,4,0
78,234,1,2020,1,0,4,0
78,234,1,2021,1,0,4,0
78,234,1,2022,1,0,4,0
120,234,1,2016,1,0,3,1
115,234,1,2015,1,0,3,0
115,234,1,2016,2,1,3,0
115,234,1,2017,1,1,3,1
142,234,1,2016,1,0,3,0
142,234,1,2017,1,0,3,0
142,234,1,2018,1,0,3,0
142,234,1,2019,1,0,3,1
142,234,1,2021,1,0,3,0
142,234,1,2022,1,0,3,0
95,675,1,2018,1,0,3,1
72,234,1,2017,1,0,4,0
72,234,1,2018,1,0,4,0
72,234,1,2019,1,0,4,0
72,234,1,2020,1,0,4,0
72,234,1,2021,1,0,4,0
72,234,1,2022,1,0,4,0
83,7332,1,2017,1,0,3,0
83,7332,1,2018,1,0,3,0
83,7332,1,2019,1,1,3,0
83,7332,1,2020,1,1,3,0
83,7332,1,2021,1,1,3,0
83,7332,1,2022,1,1,3,0
95,234,1,2019,1,0,4,0
95,234,1,2020,1,0,4,0
95,234,1,2021,1,0,3,1
114,234,1,2017,1,0,3,1
154,234,1,2016,1,0,3,0
154,234,1,2017,2,1,3,0
154,234,1,2018,1,1,3,0
154,234,1,2019,1,1,3,0
154,234,1,2020,1,1,3,0
154,234,1,2021,1,1,3,0
154,234,1,2022,1,1,3,0
110,234,1,2016,1,0,3,1
114,121,2,2018,1,0,2,0
114,121,2,2019,1,0,2,0
114,121,2,2020,1,0,2,0
114,121,2,2021,1,0,2,0
114,121,2,2022,1,0,2,0
89,234,1,2019,1,0,4,0
89,234,1,2020,1,0,4,0
89,234,1,2021,1,1,4,0
89,234,1,2022,1,1,4,0
100,234,1,2019,1,0,3,0
100,234,1,2020,1,1,3,0
100,234,1,2021,1,1,4,0
100,234,1,2022,1,1,4,0
97,7438,1,2019,1,0,3,1
92,234,1,2020,1,0,3,1
1209,6716,2,2022,1,0,3,0
86,4007,1,2015,1,0,4,1
90,234,1,2022,1,0,3,0
23,719,2,1946,2,1,3,1
23,720,2,1949,1,1,3,1
23,720,2,1952,1,1,3,1
23,721,2,1967,1,1,3,1
33,160,1,1946,1,0,1,0
33,160,1,1947,1,0,1,0
33,160,1,1948,1,0,1,0
33,160,1,1949,1,0,1,0
33,160,1,1950,1,0,1,0
33,160,1,1951,1,0,1,0
33,160,1,1952,1,0,1,0
33,160,1,1953,1,0,1,1
135,161,2,1946,2,1,3,0
135,161,2,1947,2,1,3,0
135,161,2,1948,2,1,3,0
135,161,2,1949,2,1,3,1
52,162,2,1946,2,1,3,0
52,162,2,1947,2,1,3,0
52,162,2,1948,2,1,3,0
52,162,2,1949,2,1,3,1
30,163,1,1946,1,0,1,0
30,163,1,1947,1,0,1,0
30,163,1,1948,1,0,1,0
30,163,1,1949,1,0,1,1
114,164,1,1946,1,0,4,1
114,164,1,1966,1,1,3,0
114,164,1,1967,1,1,3,0
114,164,1,1968,1,1,3,1
114,164,1,1979,2,1,3,0
114,164,1,1980,2,1,3,0
114,164,1,1981,1,1,3,0
114,164,1,1982,2,1,3,0
114,164,1,1983,1,1,3,0
114,164,1,1984,1,1,3,0
114,164,1,1985,1,1,3,0
114,164,1,1986,1,1,3,0
114,164,1,1987,1,1,3,0
114,164,1,1988,1,1,3,1
114,164,1,1990,1,1,3,1
114,164,1,1993,1,1,3,1
114,164,1,1996,1,1,3,1
114,164,1,2016,1,1,3,1
114,164,1,2018,1,1,3,1
114,165,1,1946,1,0,4,1
28,166,1,1946,1,0,1,1
33,167,1,1946,1,0,1,0
33,167,1,1947,1,0,1,0
33,167,1,1948,1,0,1,0
33,167,1,1949,1,0,1,0
33,167,1,1950,1,1,1,0
33,167,1,1951,1,1,1,0
33,167,1,1952,1,1,1,0
33,167,1,1953,1,1,1,1
154,168,2,1946,2,1,3,0
154,168,2,1947,2,1,3,0
154,168,2,1948,2,1,3,0
154,168,2,1949,2,1,3,0
154,168,2,1950,2,1,3,0
154,168,2,1951,2,1,3,0
154,168,2,1952,2,1,3,0
154,168,2,1953,2,1,3,0
154,168,2,1954,2,1,3,1
154,169,2,1969,1,1,3,0
154,169,2,1970,1,1,3,0
154,169,2,1971,1,1,3,0
154,169,2,1972,1,1,3,0
154,169,2,1973,1,1,3,0
154,169,2,1974,1,1,3,0
154,169,2,1975,1,1,3,0
154,169,2,1976,1,1,3,0
154,169,2,1977,1,1,3,0
154,169,2,1978,1,1,3,0
154,169,2,1979,1,1,3,0
154,169,2,1980,1,1,3,0
154,169,2,1981,1,1,3,0
154,169,2,1982,2,1,3,0
154,169,2,1983,2,1,3,0
154,169,2,1984,2,1,3,0
154,169,2,1985,2,1,3,0
154,169,2,1986,2,1,3,0
33,403,1,1957,2,1,1,0
154,169,2,1988,1,1,3,0
155,217,2,1958,2,1,3,0
155,217,2,1959,2,1,3,0
154,169,2,1991,2,1,3,0
154,169,2,1992,1,1,3,0
154,169,2,1993,1,1,3,0
154,169,2,1994,1,1,3,0
154,169,2,1995,1,1,3,1
154,169,2,1997,1,1,3,1
154,169,2,1999,1,1,3,0
154,169,2,2000,1,1,3,0
154,169,2,2001,1,1,3,0
154,169,2,2002,1,1,3,0
154,169,2,2003,1,1,3,0
154,169,2,2004,1,1,3,0
154,169,2,2005,1,1,3,0
154,169,2,2006,1,1,3,0
154,169,2,2007,1,1,3,0
154,169,2,2008,1,1,3,0
154,169,2,2009,1,1,3,0
154,169,2,2010,1,1,3,0
154,169,2,2011,1,1,3,0
154,169,2,2012,1,1,3,0
154,169,2,2013,1,1,3,0
154,169,2,2014,1,1,3,0
154,169,2,2015,1,1,3,0
154,169,2,2016,1,1,3,0
154,169,2,2017,1,1,3,0
154,169,2,2018,1,1,3,0
154,169,2,2019,1,1,3,0
154,169,2,2020,1,1,3,0
154,169,2,2021,1,1,3,0
154,169,2,2022,1,1,3,0
57,171,1,1946,1,0,3,0
57,171,1,1947,1,1,3,0
57,171,1,1948,1,1,3,1
155,217,2,1960,1,1,3,0
57,174,1,1946,2,1,3,0
57,174,1,1947,2,1,3,0
57,174,1,1948,1,1,3,1
57,175,1,1946,2,1,3,0
57,175,1,1947,2,1,3,0
57,175,1,1948,2,1,3,0
57,175,1,1949,1,1,3,0
57,175,1,1950,1,1,3,1
33,147,1,1946,1,0,2,1
45,28,1,1946,1,0,2,1
33,176,1,1946,2,1,1,0
33,176,1,1947,2,1,1,0
33,176,1,1948,2,1,1,0
33,176,1,1949,2,1,1,0
33,176,1,1950,2,1,1,0
33,176,1,1951,2,1,1,0
33,176,1,1952,2,1,1,0
33,176,1,1953,2,1,1,0
33,176,1,1954,2,1,1,1
135,177,1,1947,2,1,3,1
141,142,1,1948,2,1,2,1
141,142,1,1964,1,1,2,0
141,142,1,1965,2,1,2,1
141,142,1,1971,2,1,2,1
141,142,1,1984,1,1,2,1
141,142,1,1987,1,1,2,1
141,142,1,1989,1,1,2,0
141,142,1,1990,1,1,2,0
141,142,1,1991,1,1,2,0
141,142,1,1992,1,1,2,1
141,142,1,1994,1,1,2,1
141,142,1,1996,1,1,2,0
141,142,1,1997,1,1,2,0
141,142,1,1998,1,1,2,0
141,142,1,1999,1,1,2,0
141,142,1,2000,1,1,2,0
141,142,1,2001,1,1,2,0
141,142,1,2002,1,1,2,0
141,142,1,2003,1,1,2,1
141,142,1,2013,1,1,2,0
141,142,1,2014,1,1,2,0
141,142,1,2015,1,1,2,0
141,142,1,2016,1,1,2,0
141,142,1,2017,1,1,2,0
141,142,1,2018,1,1,2,0
141,142,1,2019,1,1,2,0
141,142,1,2020,1,1,2,1
33,179,1,1947,2,1,1,1
24,722,2,1947,2,1,3,1
24,723,2,1954,1,1,3,1
24,724,2,1989,1,1,3,1
144,890,1,1949,2,1,3,0
144,890,1,1950,2,1,3,0
144,890,1,1951,1,1,3,0
144,890,1,1952,1,1,3,0
144,890,1,1953,1,1,3,0
144,890,1,1954,1,1,3,0
144,890,1,1955,2,1,3,0
144,890,1,1956,1,1,3,0
144,890,1,1957,1,1,3,0
144,890,1,1958,1,1,3,0
144,890,1,1959,1,1,3,0
144,890,1,1960,1,1,3,0
144,890,1,1961,1,1,3,0
144,890,1,1962,1,1,3,0
144,890,1,1963,1,1,3,0
144,890,1,1964,1,1,3,0
144,890,1,1965,1,1,3,0
149,244,2,1960,2,1,4,0
155,217,2,1961,2,1,3,1
36,405,1,1961,2,1,1,0
116,229,2,1963,2,1,3,1
36,405,1,1963,1,1,1,0
144,1049,1,1964,1,0,3,0
36,405,1,1964,1,1,1,0
144,1049,1,1965,1,0,3,0
121,203,1,1965,1,1,3,0
36,405,1,1965,1,1,1,0
144,180,1,1976,1,1,3,0
144,180,1,1977,1,1,3,0
144,180,1,1978,1,1,3,0
144,180,1,1979,1,1,3,0
144,180,1,1980,1,1,3,0
144,180,1,1981,1,1,3,0
144,180,1,1982,1,1,3,0
144,180,1,1983,2,1,3,0
144,180,1,1984,2,1,3,0
144,180,1,1985,1,1,3,0
144,180,1,1986,1,1,3,0
144,180,1,1987,1,1,3,0
144,180,1,1988,1,1,3,0
144,180,1,1989,2,1,3,0
144,180,1,1990,1,1,3,0
144,180,1,1991,1,1,3,0
144,180,1,1992,2,1,3,1
144,180,1,1994,1,1,3,0
144,180,1,1995,1,1,3,1
144,180,1,1997,1,1,3,0
144,180,1,1998,1,1,3,1
144,180,1,1966,1,1,3,0
144,180,1,2001,1,1,3,0
144,180,1,2002,1,1,3,0
144,180,1,2003,1,1,3,0
144,180,1,2004,1,1,3,0
144,180,1,2005,1,1,3,0
144,180,1,2006,1,1,3,0
144,180,1,2007,1,1,3,0
144,180,1,2008,1,1,3,0
144,180,1,2009,1,1,3,0
144,1049,1,1966,1,0,3,0
121,203,1,1966,1,1,3,0
144,1107,1,2013,1,1,3,1
144,180,1,2021,1,1,3,0
144,180,1,2022,1,1,3,0
36,405,1,1966,1,1,1,0
17,743,2,1966,1,0,3,0
144,180,1,1967,1,1,3,0
144,1049,1,1967,1,0,3,0
121,203,1,1967,1,1,3,0
36,405,1,1967,1,1,1,0
144,182,2,1954,1,1,3,0
144,182,2,1955,1,1,3,0
144,182,2,1956,1,1,3,0
144,182,2,1957,1,1,3,0
144,182,2,1958,1,1,3,0
144,182,2,1959,1,1,3,0
144,182,2,1960,1,1,3,0
144,182,2,1961,1,1,3,0
144,182,2,1962,1,1,3,0
144,182,2,1963,1,1,3,0
144,182,2,1964,1,1,3,0
144,182,2,1965,1,1,3,0
144,182,2,1966,1,1,3,0
144,182,2,1967,1,1,3,0
144,182,2,1968,2,1,3,0
144,182,2,1969,2,1,3,0
144,180,1,1968,1,1,3,0
144,182,2,1971,2,1,3,0
144,182,2,1972,2,1,3,0
144,182,2,1973,2,1,3,0
144,182,2,1974,2,1,3,0
144,182,2,1975,2,1,3,0
144,182,2,1976,2,1,3,0
144,182,2,1977,2,1,3,0
144,182,2,1978,2,1,3,0
144,182,2,1979,2,1,3,0
144,182,2,1980,2,1,3,0
144,182,2,1981,1,1,3,0
144,182,2,1982,2,1,3,0
144,182,2,1983,1,1,3,0
144,182,2,1984,1,1,3,0
144,182,2,1985,1,1,3,0
144,182,2,1986,2,1,3,0
144,182,2,1987,1,1,3,0
144,182,2,1988,2,1,3,1
144,185,2,1990,1,1,3,0
144,185,2,1991,1,1,3,0
144,185,2,1992,1,1,3,1
144,185,2,1994,1,1,3,1
144,5965,2,2013,1,1,3,0
144,5965,2,2014,1,1,3,0
144,5965,2,2015,1,1,3,1
144,5965,2,2017,1,1,3,0
144,5965,2,2018,1,1,3,0
144,5965,2,2019,1,1,3,1
144,8060,2,2021,1,1,3,0
144,1049,1,1968,1,0,3,0
121,203,1,1968,1,1,3,0
36,405,1,1968,1,1,1,0
144,180,1,1969,1,1,3,0
144,1049,1,1969,1,0,3,0
121,203,1,1969,1,1,3,0
36,405,1,1969,1,1,1,0
144,250,1,1969,2,1,3,0
144,180,1,1970,1,1,3,0
144,182,2,1970,2,1,3,0
144,1049,1,1970,1,0,3,0
144,1065,1,1958,1,0,3,0
144,1065,1,1959,1,0,3,0
144,1065,1,1960,1,0,3,0
144,1065,1,1961,1,0,3,1
11,728,2,1970,1,1,3,0
121,203,1,1970,1,1,3,0
36,405,1,1970,1,1,1,0
144,250,1,1970,2,1,3,1
144,180,1,1971,2,1,3,0
144,1049,1,1971,1,1,3,0
11,728,2,1971,1,1,3,0
121,203,1,1971,1,1,3,0
36,405,1,1971,1,1,1,0
87,436,2,1971,1,1,4,0
144,1068,1,1974,1,1,3,0
144,1068,1,1975,1,1,3,0
144,1068,1,1976,1,1,3,0
144,180,1,1972,1,1,3,0
144,1068,1,1978,1,1,3,1
144,187,1,1991,1,1,3,1
144,187,1,1994,1,1,3,1
144,6692,1,2016,1,1,3,0
144,6692,1,2017,1,1,3,0
144,3051,1,2018,1,1,3,0
144,3051,1,2019,1,1,3,0
144,3051,1,2020,1,1,3,1
144,3051,1,2022,1,1,3,0
144,188,1,1949,1,0,3,0
144,188,1,1950,1,0,3,0
144,188,1,1951,1,0,3,0
144,189,1,1952,1,0,3,0
144,189,1,1953,1,0,3,0
144,189,1,1954,1,0,3,0
144,189,1,1955,1,0,3,0
144,189,1,1956,1,0,3,0
144,189,1,1957,1,0,3,0
144,189,1,1958,1,0,3,0
144,190,1,1959,1,0,3,0
144,190,1,1960,1,0,3,0
144,190,1,1961,1,0,3,0
144,190,1,1962,1,0,3,0
144,190,1,1963,1,0,3,1
144,190,1,1990,1,0,3,1
144,191,1,1996,1,0,3,1
15,725,2,1948,2,1,3,1
2,141,1,1948,2,1,2,1
141,178,2,1948,2,1,3,0
141,178,2,1949,2,1,3,0
141,178,2,1950,2,1,3,0
141,178,2,1951,2,1,3,1
141,192,2,1969,1,1,3,0
141,192,2,1970,1,1,3,0
141,192,2,1971,1,1,3,1
141,193,2,1991,1,1,3,0
141,193,2,1992,1,1,3,0
141,193,2,1993,1,1,3,0
141,193,2,1994,1,1,3,1
141,193,2,1996,1,1,3,0
141,193,2,1997,1,1,3,0
141,193,2,1998,1,1,3,0
144,1049,1,1972,1,1,3,0
11,728,2,1972,1,1,3,0
121,203,1,1972,1,1,3,0
36,405,1,1972,1,1,1,0
144,180,1,1973,1,1,3,0
144,1052,1,1973,1,1,3,0
141,195,2,2005,1,1,3,0
141,195,2,2006,1,1,3,0
141,195,2,2007,1,1,3,0
141,195,2,2008,1,1,3,0
141,195,2,2009,1,1,3,0
141,195,2,2010,1,1,3,0
141,195,2,2011,1,1,3,0
141,195,2,2012,1,1,3,0
141,195,2,2013,1,1,3,0
141,195,2,2014,1,1,3,0
141,195,2,2015,1,1,3,0
141,195,2,2016,1,1,3,0
141,195,2,2017,1,1,3,0
141,195,2,2018,1,1,3,0
141,195,2,2019,1,1,3,0
141,195,2,2020,1,1,3,0
141,195,2,2021,1,1,3,0
141,195,2,2022,1,1,3,0
116,121,1,1948,2,1,2,0
117,121,1,1949,1,1,2,1
28,196,1,1948,1,0,1,0
28,196,1,1949,1,1,1,0
28,196,1,1950,2,1,1,0
28,196,1,1951,2,1,1,0
28,196,1,1952,2,1,1,0
28,196,1,1953,2,1,1,0
28,196,1,1954,1,1,1,0
28,196,1,1955,1,1,1,0
28,196,1,1956,1,1,1,0
28,196,1,1957,1,1,1,1
123,197,2,1948,2,1,3,1
123,198,2,1962,2,1,4,0
123,198,2,1963,2,1,4,0
123,198,2,1964,2,1,4,0
123,198,2,1965,1,1,4,0
123,198,2,1966,2,1,4,0
123,198,2,1967,2,1,4,0
123,198,2,1968,1,1,4,0
123,198,2,1969,1,1,4,0
123,198,2,1970,1,1,4,1
123,199,2,1979,1,1,3,0
123,199,2,1980,1,1,3,0
123,199,2,1981,1,1,3,0
123,199,2,1982,1,1,3,1
123,881,2,2009,1,1,4,0
123,881,2,2010,1,1,4,0
123,881,2,2011,2,1,4,0
123,881,2,2012,2,1,4,0
123,881,2,2013,1,1,4,0
11,728,2,1973,1,1,3,0
121,203,1,1973,1,1,3,0
36,405,1,1973,1,1,1,0
97,415,1,1973,1,0,3,0
101,492,2,1973,1,0,3,0
123,6254,2,2019,2,1,4,0
123,6254,2,2020,2,1,4,0
123,6254,2,2021,2,1,4,0
123,6254,2,2022,2,1,4,0
144,200,1,1949,1,0,3,0
144,200,1,1950,1,1,3,1
144,201,1,1961,2,1,3,0
144,201,1,1962,2,1,3,0
144,201,1,1963,2,1,3,0
144,201,1,1964,2,1,3,0
144,201,1,1965,2,1,3,0
144,201,1,1966,2,1,3,0
144,201,1,1967,2,1,3,0
144,201,1,1968,2,1,3,0
144,201,1,1969,2,1,3,0
144,201,1,1970,2,1,3,0
144,201,1,1971,2,1,3,0
144,201,1,1972,1,1,3,0
144,201,1,1973,1,1,3,0
144,201,1,1974,1,1,3,0
144,201,1,1975,1,1,3,0
144,201,1,1976,1,1,3,0
144,201,1,1977,1,1,3,0
144,201,1,1978,1,1,3,0
144,201,1,1979,1,1,3,0
144,201,1,1980,1,1,3,0
144,201,1,1981,1,1,3,0
144,201,1,1982,1,1,3,0
144,201,1,1983,1,1,3,0
144,201,1,1984,2,1,3,0
144,201,1,1985,1,1,3,0
144,201,1,1986,1,1,3,0
144,201,1,1987,1,1,3,0
144,201,1,1988,1,1,3,0
144,201,1,1989,1,1,3,0
144,201,1,1990,1,1,3,0
144,201,1,1991,1,1,3,0
144,201,1,1992,1,1,3,1
144,201,1,2011,1,1,3,0
144,201,1,2012,1,1,3,0
144,201,1,2013,1,1,3,0
144,201,1,2014,1,1,3,0
144,201,1,2015,1,1,3,0
144,201,1,2016,1,1,3,0
144,201,1,2017,1,1,3,0
144,201,1,2018,1,1,3,0
144,201,1,2019,1,1,3,1
144,201,1,2021,1,1,3,0
144,201,1,2022,1,1,3,0
135,137,3,1949,2,1,2,0
135,137,3,1950,1,1,2,1
135,137,3,1954,2,1,2,1
135,137,3,1958,2,1,2,1
11,726,2,1949,1,0,3,1
11,727,2,1954,1,0,3,1
11,728,2,1963,1,0,3,1
11,728,2,1965,1,0,3,0
11,728,2,1966,1,0,3,0
11,728,2,1967,1,0,3,0
11,728,2,1968,1,1,3,0
11,728,2,1969,1,1,3,0
144,180,1,1974,1,1,3,0
11,728,2,1974,1,1,3,0
121,1067,1,1974,1,1,3,0
36,405,1,1974,1,1,1,1
101,492,2,1974,1,0,3,0
144,180,1,1975,1,1,3,0
11,729,2,1975,1,1,3,0
121,1067,1,1975,1,1,3,0
26,738,2,1975,1,0,3,0
97,415,1,1975,2,1,3,0
99,566,2,1975,2,1,4,0
11,729,2,1976,1,1,3,0
11,732,2,1982,1,1,3,0
11,732,2,1983,1,1,3,0
11,732,2,1984,1,1,3,0
11,732,2,1985,1,1,3,0
11,732,2,1986,1,1,3,0
11,732,2,1987,1,1,3,0
11,732,2,1988,1,1,3,0
11,732,2,1989,1,1,3,0
11,732,2,1990,1,1,3,0
11,732,2,1991,1,1,3,0
11,732,2,1992,1,1,3,0
11,732,2,1993,1,1,3,0
11,732,2,1994,1,1,3,0
11,732,2,1995,1,1,3,1
121,202,1,1949,1,0,3,0
121,202,1,1950,1,0,3,0
121,202,1,1951,1,0,3,0
121,202,1,1952,1,0,3,0
121,202,1,1953,1,0,3,0
121,202,1,1954,1,0,3,0
121,202,1,1955,1,1,3,0
121,202,1,1956,1,1,3,0
121,202,1,1957,1,1,3,0
121,202,1,1958,1,1,3,0
121,202,1,1959,1,1,3,0
121,202,1,1960,1,1,3,0
121,202,1,1961,1,1,3,0
121,202,1,1962,1,1,3,0
121,202,1,1963,1,1,3,0
121,202,1,1964,1,1,3,0
121,1067,1,1976,1,1,3,0
26,738,2,1976,1,1,3,0
119,237,2,1976,2,1,3,1
144,252,1,1976,1,1,3,0
97,409,2,1976,2,1,3,0
97,415,1,1976,2,1,3,0
101,493,2,1976,2,1,3,0
99,566,2,1976,2,1,4,0
144,1048,1,1977,1,1,3,0
11,729,2,1977,1,1,3,0
121,1067,1,1977,1,1,3,0
26,738,2,1977,1,1,3,1
97,409,2,1977,1,1,3,0
116,261,1,1977,1,1,3,0
97,415,1,1977,2,1,4,0
87,438,2,1977,1,1,3,0
99,566,2,1977,2,1,4,0
11,729,2,1978,1,1,3,0
121,1067,1,1978,1,1,3,0
97,410,2,1978,1,1,3,0
116,261,1,1978,1,1,3,0
97,415,1,1978,2,1,4,0
99,566,2,1978,2,1,4,0
11,729,2,1979,1,1,3,0
121,1067,1,1979,1,1,3,0
121,207,1,1990,1,1,3,0
121,207,1,1991,1,1,3,0
121,207,1,1992,1,1,3,0
121,209,1,1993,1,1,3,0
121,209,1,1994,1,1,3,0
121,208,1,1995,1,1,3,0
121,210,1,1996,1,1,3,1
97,415,1,1979,2,1,3,0
87,438,2,1979,2,1,3,0
148,270,2,1979,1,1,4,0
90,476,2,1979,1,1,4,0
99,566,2,1979,2,1,4,0
11,729,2,1980,1,1,3,0
121,1067,1,1980,1,1,3,0
116,260,1,1980,1,1,3,0
97,415,1,1980,1,1,3,0
148,270,2,1980,1,1,4,0
121,208,1,2010,1,1,3,0
130,292,2,1980,2,1,4,0
11,728,2,1981,1,1,3,0
121,1067,1,1981,1,1,3,0
121,209,1,2018,1,1,3,0
121,208,1,2019,1,1,3,1
116,260,1,1981,1,1,3,0
148,270,2,1981,1,1,4,0
138,139,1,1949,1,0,2,0
138,139,1,1950,2,1,2,0
138,139,1,1951,2,1,2,0
138,139,1,1952,2,1,2,0
138,139,1,1953,2,1,2,1
135,213,1,1950,1,0,3,1
135,213,1,1956,2,1,3,1
135,213,1,1959,2,1,3,1
155,214,1,1950,2,1,3,1
3,733,1,1950,1,0,1,1
117,28,1,1951,1,0,2,0
117,28,1,1952,1,0,2,1
147,215,2,1951,1,0,3,1
147,216,2,1974,1,1,3,0
147,216,2,1975,1,1,3,0
147,216,2,1976,1,1,3,0
147,216,2,1977,1,1,3,0
147,216,2,1978,1,1,3,0
147,216,2,1979,1,1,3,0
147,216,2,1980,1,1,3,0
147,216,2,1981,1,1,3,0
147,216,2,1982,1,1,3,1
28,400,1,1952,1,0,1,0
28,400,1,1953,2,1,1,0
28,400,1,1954,2,1,1,0
28,400,1,1955,2,1,1,0
28,400,1,1956,2,1,1,1
5,734,2,1953,1,0,3,1
5,734,2,1956,1,0,3,0
5,734,2,1957,1,0,3,0
5,734,2,1958,2,1,3,1
5,735,2,1961,1,1,4,1
155,217,2,1953,2,1,3,1
90,480,2,1981,2,1,4,0
130,292,2,1981,2,1,4,0
121,1067,1,1982,2,1,4,0
116,260,1,1982,1,1,3,0
33,401,1,1953,1,0,1,0
33,401,1,1954,1,0,1,0
33,401,1,1955,1,0,1,0
33,401,1,1956,1,0,1,1
33,402,1,1953,1,0,1,0
33,402,1,1954,1,0,1,0
33,402,1,1955,1,0,1,0
33,402,1,1956,1,0,1,1
33,403,1,1954,1,0,1,0
87,438,2,1982,1,1,3,0
148,270,2,1982,1,1,4,0
90,481,2,1982,2,1,3,0
33,403,1,1958,2,1,1,0
33,403,1,1959,2,1,1,0
33,403,1,1960,2,1,1,0
33,403,1,1961,2,1,1,0
33,403,1,1962,1,1,1,1
130,292,2,1982,2,1,4,0
26,737,2,1963,1,0,3,1
26,738,2,1974,1,0,3,0
121,1067,1,1983,1,1,3,0
119,237,2,1983,1,1,4,0
97,410,2,1983,2,1,3,0
28,220,1,1955,1,0,1,0
28,220,1,1956,1,0,1,0
28,220,1,1957,1,0,1,0
28,220,1,1958,1,0,1,0
28,220,1,1959,1,0,1,1
151,221,1,1955,2,1,3,0
151,221,1,1956,2,1,3,0
151,221,1,1957,2,1,3,0
151,221,1,1958,2,1,3,0
151,221,1,1959,2,1,3,0
151,221,1,1960,2,1,3,0
151,221,1,1961,2,1,3,0
151,221,1,1962,2,1,4,0
151,221,1,1963,2,1,4,0
151,221,1,1964,2,1,4,1
40,57,2,1956,2,1,2,1
141,222,1,1956,1,0,3,0
141,222,1,1957,1,0,3,0
141,222,1,1958,1,1,3,0
141,222,1,1959,1,1,3,1
141,222,1,1961,1,1,3,0
141,222,1,1962,1,1,3,0
141,222,1,1963,1,1,3,0
141,222,1,1964,1,1,3,0
141,222,1,1965,1,1,3,0
141,222,1,1966,1,1,3,0
141,222,1,1967,1,1,3,0
141,222,1,1968,1,1,3,1
141,223,1,1992,1,1,3,0
141,223,1,1993,1,1,3,0
141,223,1,1994,1,1,3,0
141,223,1,1995,1,1,3,0
141,223,1,1996,1,1,3,0
141,223,1,1997,1,1,3,1
141,223,1,2000,1,1,3,1
116,260,1,1983,1,1,3,0
144,225,1,1957,1,0,3,1
144,225,1,1987,1,0,3,1
144,225,1,1992,1,0,3,1
144,225,1,1996,1,0,3,1
144,225,1,2005,1,0,3,1
144,225,1,2021,1,0,3,0
144,225,1,2022,1,0,3,0
33,564,1,1957,1,0,1,0
33,564,1,1958,1,0,1,0
33,564,1,1959,1,0,1,1
12,14,1,1957,1,0,2,1
33,565,1,1957,1,0,1,0
33,565,1,1958,1,0,1,1
35,565,1,1957,1,0,1,0
35,565,1,1958,1,0,1,1
129,226,1,1957,1,0,4,1
116,227,2,1958,1,0,3,0
116,228,2,1959,1,0,3,1
148,270,2,1983,1,1,4,0
116,231,2,1982,1,1,3,0
116,231,2,1983,1,1,3,0
116,231,2,1984,1,1,3,1
116,231,2,1987,1,1,3,1
116,231,2,1991,1,1,3,0
116,231,2,1992,1,1,3,0
116,231,2,1993,1,1,3,0
116,231,2,1994,1,1,3,0
116,231,2,1995,1,1,3,0
116,231,2,1996,1,1,3,1
90,481,2,1983,2,1,3,0
130,292,2,1983,2,1,4,0
121,1067,1,1984,1,1,3,0
119,237,2,1984,2,1,4,0
97,409,2,1984,2,1,3,0
116,234,2,2009,2,1,4,0
116,234,2,2010,1,1,4,0
148,270,2,1984,1,1,4,0
116,234,2,2012,1,1,3,0
116,234,2,2013,2,1,3,0
116,234,2,2014,2,1,4,0
116,234,2,2015,2,1,4,0
116,234,2,2016,2,1,4,0
116,234,2,2017,2,1,4,0
116,234,2,2018,1,1,4,0
116,234,2,2019,1,1,4,0
116,234,2,2020,1,1,4,0
116,234,2,2021,1,1,4,0
116,234,2,2022,1,1,4,0
119,236,2,1958,2,1,3,1
119,237,2,1975,1,1,3,0
130,292,2,1984,2,1,4,0
119,237,2,1982,1,1,3,0
121,1067,1,1985,1,1,3,0
97,409,2,1985,2,1,3,0
119,240,2,1985,1,1,3,0
148,270,2,1985,1,1,4,0
130,292,2,1985,2,1,4,0
119,242,2,1990,1,1,4,1
152,196,2,1958,1,0,4,0
152,196,2,1959,1,0,4,0
152,196,2,1960,1,0,4,1
152,196,2,1974,1,0,3,0
152,196,2,1975,1,0,3,1
152,196,2,1981,1,0,3,1
149,244,2,1959,2,1,3,0
121,1067,1,1986,1,1,3,0
149,244,2,1961,2,1,4,1
149,244,2,1963,2,1,4,0
149,244,2,1964,2,1,4,0
149,244,2,1965,2,1,4,0
149,244,2,1966,2,1,4,0
149,244,2,1967,2,1,4,0
149,244,2,1968,2,1,4,0
149,244,2,1969,2,1,4,0
149,244,2,1970,2,1,4,0
149,244,2,1971,2,1,4,0
149,244,2,1972,2,1,4,0
149,244,2,1973,2,1,4,1
149,246,2,1989,1,1,3,0
149,246,2,1990,1,1,3,1
119,240,2,1986,1,1,3,1
36,566,1,1962,2,1,1,0
97,409,2,1986,1,1,3,0
116,260,1,1986,1,1,3,0
148,270,2,1986,1,1,4,0
90,481,2,1986,2,1,3,0
130,292,2,1986,2,1,4,0
154,169,2,1987,2,1,3,0
121,1067,1,1987,1,1,3,0
97,409,2,1987,2,1,3,0
116,260,1,1987,1,1,3,0
148,270,2,1987,1,1,4,0
90,483,2,1987,2,1,3,0
130,292,2,1987,2,1,4,0
144,247,1,1959,1,0,3,0
144,248,1,1960,1,0,3,0
144,248,1,1961,1,0,3,0
144,249,1,1962,1,0,3,0
144,249,1,1963,1,0,3,0
144,250,1,1964,2,1,3,0
144,250,1,1965,2,1,3,0
144,250,1,1966,2,1,3,0
144,250,1,1967,2,1,3,0
144,250,1,1968,2,1,3,0
121,1067,1,1988,1,1,3,0
116,260,1,1988,2,1,3,0
144,250,1,1972,1,1,3,0
144,250,1,1973,1,1,3,1
148,270,2,1988,1,1,4,0
144,252,1,1977,1,1,3,0
144,252,1,1978,1,1,3,0
144,252,1,1979,1,1,3,0
144,252,1,1980,1,1,3,0
144,252,1,1981,1,1,3,0
144,252,1,1982,1,1,3,0
144,252,1,1983,1,1,3,0
144,254,1,1984,1,1,3,0
144,255,1,1985,1,1,3,0
144,255,1,1986,1,1,3,0
144,255,1,1987,1,1,3,0
144,255,1,1988,1,1,3,1
144,255,1,1993,1,1,3,0
144,255,1,1994,1,1,3,0
144,255,1,1995,1,1,3,0
144,256,1,1996,1,1,3,0
144,256,1,1997,1,1,3,0
144,256,1,1998,1,1,3,0
144,256,1,1999,1,1,3,0
144,256,1,2000,1,1,3,0
144,256,1,2001,1,1,3,0
144,256,1,2002,1,1,3,1
144,256,1,2005,1,1,3,0
144,256,1,2006,1,1,3,0
144,256,1,2007,1,1,3,0
144,256,1,2008,1,1,3,0
144,256,1,2009,1,1,3,0
144,256,1,2010,1,1,3,0
90,486,2,1988,2,1,3,0
130,292,2,1988,2,1,4,0
144,1122,1,2015,1,1,3,1
89,406,1,1961,1,0,3,0
89,406,1,1962,1,0,3,1
89,3967,1,2013,1,0,4,0
89,3967,1,2014,1,0,4,1
89,3967,1,2020,1,0,4,1
89,407,1,1960,1,0,3,0
89,407,1,1961,1,0,3,0
89,407,1,1962,1,0,3,1
97,408,2,1960,1,0,3,1
154,169,2,1989,1,1,3,0
121,205,1,1989,1,1,3,0
119,242,2,1989,1,1,4,0
97,410,2,1979,1,1,3,0
97,410,2,1980,2,1,3,0
97,410,2,1981,2,1,3,0
97,410,2,1982,2,1,3,0
97,413,2,1989,2,1,3,0
116,260,1,1989,1,1,3,0
87,442,2,1989,1,1,3,0
148,270,2,1989,1,1,4,0
90,486,2,1989,2,1,3,0
97,410,2,1988,2,1,3,0
130,292,2,1989,2,1,4,0
97,414,2,1990,2,1,3,0
154,169,2,1990,2,1,3,0
97,410,2,2020,2,1,4,0
97,410,2,2021,2,1,4,0
116,260,1,1990,1,1,3,0
97,95,1,1964,1,0,2,1
97,95,1,1977,2,1,2,0
97,95,1,1978,2,1,2,1
97,95,1,1980,1,1,2,1
146,257,2,1960,1,0,3,0
146,257,2,1961,1,0,3,0
146,257,2,1962,1,0,3,1
146,258,2,1996,1,0,3,0
146,258,2,1997,1,0,3,0
146,258,2,1998,1,0,3,0
146,258,2,1999,1,0,3,0
146,258,2,2000,1,0,3,0
146,258,2,2001,1,1,3,0
146,258,2,2002,2,1,3,0
146,258,2,2003,2,1,3,0
146,258,2,2004,2,1,3,0
146,258,2,2005,2,1,3,0
146,258,2,2006,1,1,3,1
33,259,2,1961,2,1,3,0
33,259,2,1962,2,1,3,1
116,260,1,1961,2,1,3,0
116,260,1,1962,2,1,3,0
116,260,1,1963,2,1,3,0
116,260,1,1964,1,1,3,0
116,260,1,1965,2,1,3,0
116,260,1,1966,2,1,3,0
116,260,1,1967,1,1,3,0
116,260,1,1968,1,1,3,0
116,260,1,1969,2,1,3,0
116,260,1,1970,1,1,3,1
116,260,1,1973,1,1,3,0
116,260,1,1974,2,1,3,0
116,260,1,1975,2,1,3,0
116,261,1,1976,1,1,3,0
87,442,2,1990,2,1,3,0
148,270,2,1990,1,1,3,0
116,260,1,1979,1,1,3,0
154,275,1,1990,1,1,3,1
90,486,2,1990,1,1,3,0
130,292,2,1990,2,1,3,0
97,1215,2,1991,2,1,3,1
116,260,1,1984,1,1,3,0
116,261,1,1985,1,1,3,0
116,260,1,1991,2,1,3,0
87,446,2,1991,1,1,3,0
17,743,2,1991,1,1,3,0
148,270,2,1991,1,1,3,0
90,486,2,1991,1,1,3,0
130,292,2,1991,2,1,3,0
116,261,1,1992,1,1,3,1
116,261,1,1995,1,1,3,0
116,261,1,1996,1,1,3,1
33,110,1,1961,2,1,2,1
28,263,1,1962,1,0,1,1
135,141,1,1962,2,1,2,1
135,141,1,1967,1,1,2,1
135,141,1,2020,1,1,2,1
97,415,1,1964,1,0,3,0
97,415,1,1965,1,0,3,0
97,415,1,1966,1,0,3,0
97,415,1,1967,1,0,3,0
97,415,1,1968,1,0,3,0
97,415,1,1969,1,0,3,0
97,415,1,1970,1,0,3,0
97,415,1,1971,1,0,3,0
97,415,1,1972,1,0,3,0
87,446,2,1992,1,1,3,0
97,415,1,1974,1,0,3,0
17,743,2,1992,2,1,3,0
130,292,2,1992,2,1,3,0
87,446,2,1993,1,1,3,0
17,743,2,1993,1,1,3,0
154,275,1,1993,1,1,3,0
130,299,2,1993,2,1,3,0
97,416,1,1981,1,1,3,0
97,416,1,1982,2,1,3,0
97,416,1,1983,2,1,3,0
97,416,1,1984,2,1,3,0
97,416,1,1985,2,1,3,0
97,416,1,1986,1,1,3,0
97,416,1,1987,2,1,3,0
97,416,1,1988,2,1,3,0
97,416,1,1989,2,1,3,0
97,416,1,1990,2,1,3,0
97,416,1,1991,2,1,3,1
155,30,1,1962,1,0,2,1
18,740,2,1962,1,0,3,1
18,741,2,1982,1,0,3,1
18,742,2,1992,1,0,3,1
109,108,1,1963,1,0,2,1
36,417,1,1963,1,0,1,0
36,417,1,1964,1,0,1,0
36,417,1,1965,1,1,1,0
36,417,1,1966,1,1,1,0
36,417,1,1967,1,1,1,0
36,417,1,1968,1,1,1,0
36,417,1,1969,1,1,1,0
36,417,1,1970,1,1,1,0
36,417,1,1971,1,1,1,0
36,417,1,1972,1,1,1,0
36,417,1,1973,1,1,1,1
152,264,1,1963,1,0,3,0
152,264,1,1964,1,0,3,0
152,264,1,1965,1,0,4,0
152,264,1,1966,1,0,4,1
155,152,1,1963,1,0,2,0
155,152,1,1964,1,0,2,0
155,152,1,1965,1,0,2,0
155,152,1,1966,1,0,2,1
112,418,1,1963,2,1,3,0
112,418,1,1964,2,1,3,0
112,418,1,1965,2,1,3,0
112,418,1,1966,2,1,3,0
112,418,1,1967,2,1,3,0
112,418,1,1968,2,1,3,0
112,418,1,1969,2,1,3,0
112,418,1,1970,2,1,3,0
112,418,1,1971,2,1,3,0
112,418,1,1972,2,1,3,1
89,419,2,1964,2,1,3,0
89,419,2,1965,2,1,3,1
89,420,2,1967,1,1,3,1
89,421,2,1977,1,1,4,0
89,421,2,1978,1,1,3,1
89,422,2,1996,2,1,4,0
89,422,2,1997,2,1,4,0
87,447,2,1994,1,1,3,1
17,743,2,1994,2,1,3,0
154,276,1,1994,1,1,3,0
89,424,2,2001,1,1,4,1
89,7098,2,2005,1,1,3,0
89,426,2,2006,1,1,3,0
89,426,2,2007,1,1,3,0
89,426,2,2008,1,1,3,1
89,3043,2,2011,1,1,3,0
130,299,2,1994,2,1,3,0
17,743,2,1995,1,1,3,0
130,299,2,1995,2,1,3,0
17,743,2,1996,2,1,3,0
154,276,1,1996,1,1,3,0
112,466,2,1996,2,1,3,0
90,488,2,1996,2,1,3,0
97,497,1,1996,1,1,3,1
130,292,2,1996,2,1,3,0
93,431,2,1997,1,1,3,0
85,427,2,1964,1,0,4,1
36,428,1,1964,1,0,1,0
36,428,1,1965,1,0,1,0
36,428,1,1966,1,1,1,0
36,428,1,1967,1,1,1,0
36,428,1,1968,1,1,1,0
36,428,1,1969,1,1,1,0
36,428,1,1970,1,1,1,0
36,428,1,1971,1,1,1,0
36,428,1,1972,2,1,1,0
36,428,1,1973,2,1,1,0
36,428,1,1974,1,1,1,1
28,265,1,1964,1,0,1,0
28,265,1,1965,1,0,1,0
28,265,1,1966,1,0,1,0
28,265,1,1967,1,0,1,1
93,429,2,1965,1,0,3,1
93,430,2,1991,1,0,3,0
93,430,2,1992,1,0,3,1
93,431,2,1994,1,0,3,0
93,431,2,1995,1,0,3,0
93,431,2,1996,1,1,3,0
87,446,2,1997,1,1,3,0
17,743,2,1997,1,1,3,0
148,270,2,1997,1,1,3,0
154,276,1,1997,1,1,3,0
112,466,2,1997,2,1,3,0
90,488,2,1997,1,1,3,0
89,423,2,1998,2,1,4,0
93,432,2,2004,1,1,3,0
93,432,2,2005,1,1,3,0
93,432,2,2006,1,1,3,1
93,432,2,2008,1,1,3,1
93,6513,2,2014,1,1,3,0
93,431,2,1998,1,1,3,0
93,6513,2,2019,1,1,4,0
17,743,2,1998,1,1,3,0
93,6513,2,2021,1,1,4,0
148,270,2,1998,1,1,3,1
87,435,2,1966,1,0,3,0
87,435,2,1967,1,0,3,0
87,435,2,1968,1,0,3,0
87,435,2,1969,1,1,4,0
87,435,2,1970,1,1,4,0
154,276,1,1998,1,1,3,0
87,436,2,1972,1,1,4,1
87,438,2,1976,1,1,3,0
112,466,2,1998,2,1,3,0
87,439,2,1978,2,1,4,0
90,488,2,1998,1,1,3,0
87,438,2,1980,2,1,4,0
87,438,2,1981,1,1,4,0
141,193,2,1999,1,1,3,0
87,441,2,1983,1,1,4,0
87,441,2,1984,1,1,4,1
87,441,2,1986,1,1,4,0
87,455,2,1987,2,1,4,1
89,423,2,1999,2,1,4,0
93,432,2,1999,1,1,3,0
17,743,2,1999,2,1,3,0
112,466,2,1999,2,1,3,0
97,497,1,1999,1,1,3,0
144,180,1,2000,1,1,3,0
141,193,2,2000,1,1,3,0
87,451,2,1998,1,1,3,0
87,452,2,1999,1,1,3,0
87,452,2,2000,2,1,3,0
87,452,2,2001,1,1,3,0
87,452,2,2002,1,1,3,0
87,452,2,2003,1,1,3,1
87,453,2,2005,1,1,3,0
121,207,1,2000,1,1,3,0
87,456,2,2007,1,1,3,0
87,716,2,2008,1,1,3,0
87,1069,2,2009,1,1,3,0
87,1112,2,2010,1,1,3,1
87,7151,2,2018,1,1,3,1
87,7151,2,2020,1,1,3,0
87,7255,2,2021,1,1,3,1
17,743,2,1964,1,0,3,0
17,743,2,1965,1,0,3,0
89,423,2,2000,2,1,4,0
17,743,2,1967,1,0,3,0
17,743,2,1968,1,0,3,0
17,744,2,1969,1,0,3,0
17,744,2,1970,1,0,3,0
17,743,2,1971,1,0,3,0
17,743,2,1972,1,0,3,0
17,744,2,1973,1,0,3,0
17,743,2,1974,1,0,3,0
17,743,2,1975,1,0,3,0
17,743,2,1976,1,0,3,0
17,743,2,1977,1,0,3,0
93,432,2,2000,2,1,3,0
17,7074,2,2000,2,1,3,0
17,743,2,1980,1,1,3,0
154,276,1,2000,2,1,3,0
112,466,2,2000,2,1,3,0
90,488,2,2000,1,1,3,0
141,193,2,2001,1,1,3,0
121,205,1,2001,1,1,3,0
93,432,2,2001,2,1,3,0
17,743,2,2001,2,1,3,0
154,276,1,2001,1,1,3,0
112,466,2,2001,2,1,3,0
90,488,2,2001,1,1,3,0
141,193,2,2002,1,1,3,0
121,207,1,2002,1,1,3,0
93,432,2,2002,2,1,3,0
17,7074,2,2002,2,1,3,0
154,276,1,2002,1,1,3,0
90,488,2,2002,2,1,3,0
141,193,2,2003,1,1,3,0
121,208,1,2003,1,1,3,0
93,432,2,2003,1,1,3,0
17,743,2,2003,2,1,3,0
154,276,1,2003,1,1,3,0
112,466,2,2003,2,1,4,0
141,193,2,2004,1,1,3,0
121,208,1,2004,1,1,3,0
116,233,2,2004,2,1,4,0
17,7074,2,2004,2,1,3,0
17,743,2,2007,1,1,3,0
154,276,1,2004,1,1,3,0
17,743,2,2009,1,1,3,0
112,466,2,2004,2,1,3,0
17,743,2,2011,1,1,3,0
17,743,2,2012,1,1,3,0
121,207,1,2005,1,1,3,0
17,743,2,2014,1,1,3,0
116,233,2,2005,2,1,4,0
17,744,2,2016,1,1,3,1
17,743,2,2005,2,1,3,0
154,276,1,2005,1,1,3,0
17,8468,2,2020,1,1,3,0
121,207,1,2006,1,1,3,0
17,8468,2,2022,1,1,3,0
7,747,2,1965,1,0,3,1
155,266,1,1965,1,0,3,1
155,266,1,1967,1,0,3,0
155,266,1,1968,1,0,3,0
155,266,1,1969,1,0,3,1
155,266,1,1976,2,1,3,0
155,266,1,1977,2,1,3,0
155,266,1,1978,2,1,3,1
155,266,1,1981,2,1,3,1
155,266,1,1984,1,1,3,1
155,266,1,2018,1,1,3,1
155,266,1,2021,1,1,3,0
155,266,1,2022,1,1,3,0
116,233,2,2006,2,1,4,0
21,750,2,1982,1,0,3,0
21,750,2,1983,2,1,3,0
21,750,2,1984,2,1,3,0
21,750,2,1985,2,1,3,0
21,750,2,1986,1,1,3,0
21,750,2,1987,1,1,3,0
21,750,2,1988,2,1,3,0
87,453,2,2006,2,1,3,0
17,743,2,2006,1,1,3,0
112,469,2,2006,2,1,3,0
142,287,1,2006,1,1,3,0
121,207,1,2007,1,1,3,0
21,750,2,1994,1,1,3,0
21,750,2,1995,1,1,3,0
21,750,2,1996,1,1,3,0
21,750,2,1997,1,1,3,0
21,750,2,1998,1,1,3,0
21,750,2,1999,1,1,3,1
21,750,2,2007,1,1,3,0
21,750,2,2008,1,1,3,0
21,750,2,2009,1,1,3,0
21,750,2,2010,1,1,3,1
151,150,1,1965,2,1,2,0
151,150,1,1966,2,1,2,0
151,150,1,1967,2,1,2,0
151,150,1,1968,2,1,2,0
151,150,1,1969,2,1,2,0
151,150,1,1970,2,1,2,0
151,150,1,1971,2,1,2,0
151,150,1,1972,2,1,2,0
151,150,1,1973,2,1,2,0
151,150,1,1974,2,1,2,0
151,150,1,1975,2,1,2,1
148,147,1,1977,1,0,2,0
148,147,1,1978,1,0,2,1
148,147,1,2011,1,0,2,1
81,457,2,1966,1,0,3,1
81,458,2,1981,1,0,3,1
81,459,2,1983,1,0,3,1
141,267,1,1966,1,0,3,0
141,267,1,1967,1,0,3,0
141,267,1,1968,1,0,3,1
84,460,2,1966,1,0,3,1
84,1051,2,2009,1,0,3,1
84,1051,2,2011,1,0,3,0
84,1051,2,2012,1,1,4,0
84,1051,2,2013,2,1,4,0
84,1051,2,2014,2,1,4,0
84,1051,2,2015,2,1,4,0
84,1051,2,2016,1,1,4,0
84,1051,2,2017,2,1,4,0
84,1051,2,2018,1,1,4,0
84,1051,2,2019,1,1,4,0
84,1051,2,2020,1,1,4,0
84,1051,2,2021,1,1,4,0
84,1051,2,2022,1,1,4,0
102,461,1,1966,1,0,3,0
102,461,1,1967,1,0,3,0
102,461,1,1968,1,0,3,0
102,461,1,1969,1,0,3,0
102,461,1,1970,1,0,3,0
102,461,1,1971,1,0,3,0
102,461,1,1972,1,0,3,0
102,461,1,1973,1,0,3,0
102,461,1,1974,1,0,3,0
102,461,1,1975,1,0,3,0
102,461,1,1976,1,0,3,0
102,461,1,1977,1,0,3,0
102,461,1,1978,2,1,3,0
102,461,1,1979,1,1,3,0
102,461,1,1980,2,1,3,0
102,461,1,1981,2,1,3,0
102,461,1,1982,2,1,3,0
102,461,1,1983,2,1,3,0
102,461,1,1984,1,1,3,0
102,461,1,1985,1,1,3,0
102,461,1,1986,2,1,3,0
102,461,1,1987,2,1,3,0
102,461,1,1988,2,1,3,0
102,461,1,1989,1,1,3,1
118,268,2,1966,1,0,3,1
118,269,2,1979,1,0,3,0
118,269,2,1980,1,0,3,0
118,269,2,1981,1,0,3,0
118,269,2,1982,2,1,3,1
118,4456,2,2011,2,1,3,0
118,4456,2,2012,2,1,3,0
118,4456,2,2013,2,1,3,0
118,4456,2,2014,2,1,3,0
118,4456,2,2015,2,1,4,0
118,4456,2,2016,2,1,4,0
118,4456,2,2017,2,1,4,0
118,4456,2,2018,2,1,4,0
118,4456,2,2019,2,1,4,0
118,4456,2,2020,2,1,4,0
118,4456,2,2021,1,1,4,0
118,4456,2,2022,1,1,4,0
148,270,2,1967,2,1,3,0
148,270,2,1968,1,1,3,0
148,270,2,1969,1,1,3,0
148,270,2,1970,2,1,4,0
148,270,2,1971,2,1,4,0
148,270,2,1972,2,1,4,0
148,270,2,1973,2,1,4,0
148,270,2,1974,2,1,4,0
148,270,2,1975,2,1,4,1
148,271,2,1978,2,1,4,0
116,233,2,2007,2,1,4,0
154,276,1,2007,1,1,3,0
112,468,2,2007,1,1,3,0
121,208,1,2008,1,1,3,0
116,234,2,2008,2,1,4,0
17,743,2,2008,1,1,3,0
112,468,2,2008,1,1,3,0
142,287,1,2008,1,1,3,0
121,208,1,2009,1,1,3,0
154,276,1,2009,1,1,3,0
112,468,2,2009,1,1,3,0
142,287,1,2009,1,1,3,1
144,1107,1,2010,1,1,3,0
148,270,2,1992,1,1,3,0
148,270,2,1993,1,1,3,0
148,270,2,1994,1,1,3,0
148,270,2,1995,1,1,3,0
148,270,2,1996,1,1,3,0
17,743,2,2010,1,1,3,0
112,1108,2,2010,2,1,3,0
121,120,1,1967,2,1,2,1
121,118,1,1967,2,1,2,1
121,118,1,1973,2,1,2,1
84,462,1,1967,2,1,3,0
84,462,1,1968,2,1,3,0
84,462,1,1969,2,1,3,0
84,462,1,1970,2,1,3,1
84,6287,1,2021,1,1,3,0
84,6287,1,2022,1,1,3,0
135,144,1,1969,1,0,2,1
135,57,1,1969,1,0,2,1
13,12,1,1969,2,1,2,1
77,463,2,2000,1,0,3,0
77,463,2,2001,1,0,3,1
154,274,1,1970,1,0,3,0
154,274,1,1971,1,0,3,0
154,275,1,1972,1,1,3,0
154,275,1,1973,1,1,3,0
154,275,1,1974,1,1,3,0
154,275,1,1975,1,1,3,0
154,275,1,1976,1,1,3,0
154,275,1,1977,1,1,3,0
154,275,1,1978,2,1,3,0
154,275,1,1979,1,1,3,0
154,275,1,1980,1,1,3,0
154,275,1,1981,2,1,3,0
154,275,1,1982,1,1,3,0
154,275,1,1983,1,1,3,0
154,275,1,1984,1,1,3,0
154,275,1,1985,1,1,3,0
154,275,1,1986,1,1,3,0
154,275,1,1987,1,1,3,0
154,275,1,1988,1,1,3,0
154,275,1,1989,1,1,3,0
90,488,2,2010,1,1,4,0
144,1107,1,2011,1,1,3,1
121,208,1,2011,1,1,3,0
154,277,1,1995,1,1,3,0
116,233,2,2011,1,1,4,0
144,1122,1,2011,1,1,3,1
154,276,1,2011,1,1,3,0
154,276,1,1999,1,1,3,0
112,1108,2,2011,2,1,4,0
90,488,2,2011,1,1,4,1
121,208,1,2012,1,1,3,1
89,1160,2,2012,1,1,4,0
154,1146,1,2012,1,1,3,0
142,1166,1,2012,1,1,3,0
154,277,1,2006,1,1,3,0
144,1122,1,2013,1,1,3,1
154,276,1,2008,1,1,3,0
89,1160,2,2013,2,1,4,0
154,277,1,2010,1,1,3,0
154,1146,1,2013,1,1,3,0
90,488,2,2013,1,1,4,0
123,1091,2,2014,2,1,4,0
121,208,1,2014,2,1,3,1
89,1200,2,2014,1,1,4,1
154,1146,1,2014,1,1,3,0
154,277,1,2017,1,1,4,0
112,1162,2,2014,1,1,3,0
154,277,1,2019,1,1,3,0
154,277,1,2020,1,1,3,1
112,464,2,1971,1,0,3,1
112,465,2,1976,1,0,3,1
112,466,2,1983,2,1,3,0
112,466,2,1984,2,1,3,0
112,466,2,1985,2,1,3,0
112,466,2,1986,2,1,3,0
112,466,2,1987,2,1,3,0
112,466,2,1988,2,1,3,0
112,466,2,1989,2,1,3,0
112,466,2,1990,2,1,3,0
112,466,2,1991,2,1,3,0
112,466,2,1992,2,1,3,0
112,466,2,1993,1,1,3,0
112,466,2,1994,1,1,3,0
112,466,2,1995,2,1,3,0
90,488,2,2014,1,1,4,0
142,287,1,2014,1,1,3,0
123,1091,2,2015,2,1,4,0
93,6187,2,2015,1,1,3,1
154,1146,1,2015,1,1,3,0
112,1123,2,2015,2,1,3,0
112,466,2,2002,2,1,3,0
142,1166,1,2015,1,1,3,0
123,881,2,2016,2,1,4,0
112,469,2,2005,1,1,3,0
89,7098,2,2016,1,1,3,0
154,277,1,2016,1,1,3,0
112,1162,2,2016,2,1,3,0
142,3192,1,2016,1,1,3,1
123,6868,2,2017,2,1,4,0
89,3043,2,2017,2,1,4,0
112,1162,2,2012,2,1,3,0
112,1162,2,2013,1,1,3,0
112,1162,2,2017,1,1,3,0
123,6254,2,2018,2,1,4,0
89,3043,2,2018,1,1,4,0
154,277,1,2018,1,1,3,0
112,469,2,2018,1,1,3,1
112,469,2,2020,1,1,3,0
112,469,2,2021,1,1,3,0
112,469,2,2022,1,1,3,0
106,473,2,1971,1,0,3,1
108,474,2,1971,1,0,3,1
142,280,1,1971,2,1,3,1
145,281,2,1971,2,1,3,1
145,281,2,1989,1,1,3,0
145,281,2,1990,1,1,3,1
90,475,2,1971,1,0,3,0
90,476,2,1972,1,0,3,1
90,477,2,1974,1,0,3,1
89,3043,2,2019,1,1,4,0
90,480,2,1980,1,1,4,0
89,1200,2,2020,1,1,4,0
93,3553,2,2020,1,1,4,0
121,208,1,2021,1,1,3,0
90,481,2,1984,2,1,3,0
90,481,2,1985,2,1,3,0
89,1160,2,2021,1,1,4,0
144,5965,2,2022,2,1,3,0
121,207,1,2022,1,1,3,0
97,410,2,2022,2,1,4,0
89,1160,2,2022,1,1,4,0
93,6513,2,2022,1,1,4,0
90,486,2,1992,1,1,3,1
90,488,2,1994,1,1,3,0
90,488,2,1995,1,1,3,0
130,299,2,2003,1,1,4,0
130,299,2,2006,2,1,4,0
130,299,2,2008,2,1,4,0
90,489,2,1999,1,1,3,0
130,299,2,2009,2,1,4,0
130,299,2,2010,2,1,4,0
130,299,2,2011,2,1,4,0
90,488,2,2003,1,1,3,0
90,488,2,2004,2,1,3,0
90,488,2,2005,1,1,4,0
90,488,2,2006,1,1,3,0
90,489,2,2007,1,1,3,0
90,488,2,2008,1,1,4,0
90,488,2,2009,1,1,4,0
130,299,2,2013,2,1,4,0
130,303,2,2020,2,1,4,0
130,303,2,2021,2,1,4,0
141,306,1,1997,1,0,3,1
90,489,2,2015,1,1,4,0
90,489,2,2016,1,1,4,0
90,489,2,2017,1,1,4,0
90,489,2,2018,1,1,4,0
90,489,2,2019,1,1,4,1
28,282,1,1971,1,0,3,0
28,282,1,1972,1,0,3,0
28,282,1,1973,1,0,3,0
28,282,1,1974,1,0,3,0
28,282,1,1975,1,0,3,0
28,282,1,1976,1,0,3,0
28,282,1,1977,1,0,3,0
28,282,1,1978,1,1,3,0
28,282,1,1979,1,1,3,0
28,282,1,1980,1,1,3,0
28,282,1,1981,1,1,3,0
28,282,1,1982,1,1,3,0
28,282,1,1983,1,1,3,0
28,282,1,1984,1,1,3,0
28,282,1,1985,1,1,3,0
28,282,1,1986,1,1,3,0
28,282,1,1987,1,1,3,0
28,282,1,1988,1,1,3,0
28,282,1,1989,1,1,3,0
28,282,1,1990,1,1,3,0
28,282,1,1991,1,1,3,1
28,283,1,1998,1,1,3,1
13,752,2,1972,1,0,3,1
95,1004,2,2009,2,1,4,0
13,755,2,1980,1,0,3,0
13,755,2,1981,2,1,3,0
13,755,2,1982,2,1,3,0
13,755,2,1983,2,1,3,0
13,755,2,1984,2,1,3,0
13,755,2,1985,2,1,3,0
13,755,2,1986,2,1,3,0
13,755,2,1987,2,1,3,0
13,755,2,1988,2,1,3,0
13,755,2,1989,2,1,3,0
13,755,2,1990,1,1,3,0
13,755,2,1991,1,1,3,1
129,284,2,1969,1,0,4,0
129,284,2,1970,1,0,4,0
129,284,2,1971,1,0,4,0
129,284,2,1972,1,0,4,0
129,284,2,1973,1,0,4,0
129,284,2,1974,1,0,4,0
129,284,2,1975,1,0,4,1
101,492,2,1967,1,0,3,0
101,492,2,1968,1,0,3,1
95,1004,2,2010,2,1,4,0
95,499,2,1983,1,0,3,0
101,493,2,1975,1,0,4,0
95,499,2,1984,1,0,3,1
101,494,2,1977,2,1,3,0
101,494,2,1978,2,1,3,0
101,494,2,1979,2,1,3,1
27,756,2,1972,1,0,3,1
124,123,3,1972,1,0,2,1
124,123,3,1979,1,0,2,1
25,757,2,1973,1,0,3,1
143,285,1,1975,1,0,3,0
143,285,1,1976,1,0,3,0
143,285,1,1977,1,0,3,0
143,285,1,1978,1,0,3,0
143,285,1,1979,1,0,3,0
143,285,1,1980,1,0,3,0
143,285,1,1981,1,0,3,0
143,285,1,1982,1,0,3,0
143,285,1,1983,1,0,3,0
143,285,1,1984,1,0,3,0
143,285,1,1985,1,0,3,0
143,285,1,1986,1,0,3,0
143,285,1,1987,1,0,3,0
143,285,1,1988,1,1,3,0
143,285,1,1989,1,1,3,0
143,285,1,1990,1,1,3,0
143,285,1,1991,1,1,3,1
53,115,1,1974,2,1,2,1
114,116,3,1974,1,0,2,1
114,116,3,1980,2,1,2,0
114,116,3,1981,2,1,2,0
114,116,3,1982,2,1,2,0
114,116,3,1983,2,1,2,0
114,116,3,1984,2,1,2,0
114,116,3,1985,2,1,2,0
114,116,3,1986,2,1,2,0
114,116,3,1987,2,1,2,0
114,116,3,1988,2,1,2,1
142,1166,1,1974,2,1,3,0
142,1166,1,1975,1,1,3,0
142,1166,1,1976,1,1,3,0
142,1166,1,1977,1,1,3,1
142,287,1,2004,1,1,3,1
95,500,2,1989,1,1,3,0
142,287,1,2007,1,1,3,0
95,500,2,1990,2,1,3,0
95,500,2,1991,2,1,3,0
142,287,1,2011,1,1,3,0
95,505,2,2008,2,1,4,0
142,287,1,2013,1,1,3,0
114,309,2,2006,1,1,3,0
114,309,2,2007,1,1,3,0
114,309,2,2008,1,1,3,0
142,7542,1,2019,1,1,3,0
142,7542,1,2020,1,1,3,0
142,7542,1,2021,1,1,3,0
142,7542,1,2022,1,1,3,0
98,495,2,1997,1,0,3,1
98,495,2,1999,1,0,3,1
98,495,2,2003,1,0,3,1
114,309,2,2009,1,1,3,0
79,507,2,1990,1,0,3,1
79,509,2,2003,2,1,3,1
110,539,2,2015,1,0,3,1
141,314,1,2000,1,0,3,1
99,567,2,1980,2,1,4,0
99,567,2,1981,2,1,4,0
99,567,2,1982,2,1,4,0
99,567,2,1983,2,1,4,0
99,567,2,1984,2,1,4,0
99,567,2,1985,2,1,4,0
99,567,2,1986,2,1,4,0
99,567,2,1987,2,1,4,0
99,567,2,1988,2,1,4,0
99,567,2,1989,2,1,4,0
99,567,2,1990,2,1,3,0
99,567,2,1991,1,1,3,0
99,567,2,1992,2,1,3,0
99,567,2,1993,2,1,3,0
99,567,2,1994,2,1,3,0
99,567,2,1995,1,1,3,1
99,567,2,1998,2,1,3,0
99,567,2,1999,2,1,4,0
99,567,2,2000,2,1,4,0
99,567,2,2001,2,1,4,0
99,567,2,2002,1,1,4,1
148,150,1,1975,1,0,2,0
148,150,1,1976,1,0,2,0
148,150,1,1977,1,0,2,1
97,1056,1,1964,1,0,3,1
97,496,1,1976,1,0,3,0
97,496,1,1977,2,1,4,0
97,496,1,1978,2,1,4,0
97,496,1,1979,1,1,4,0
97,496,1,1980,1,1,4,0
97,496,1,1981,1,1,4,0
97,496,1,1982,1,1,4,0
97,496,1,1983,1,1,4,1
97,542,1,1993,1,1,3,0
97,497,1,1994,1,1,3,1
141,314,1,2004,1,0,3,0
97,497,1,1998,1,1,3,0
141,314,1,2006,1,0,3,0
97,497,1,2000,1,1,3,0
97,497,1,2001,1,1,3,0
97,497,1,2002,1,1,3,0
97,497,1,2003,1,1,3,0
97,497,1,2004,1,1,3,0
97,497,1,2005,1,1,3,0
97,497,1,2006,1,1,3,0
97,497,1,2007,1,1,3,0
97,497,1,2008,1,1,3,0
97,497,1,2009,1,1,3,0
97,497,1,2010,1,1,3,0
97,497,1,2011,1,1,3,0
97,497,1,2012,1,1,3,0
97,497,1,2013,1,1,3,0
97,497,1,2014,1,1,3,0
97,497,1,2015,1,1,3,0
97,497,1,2016,1,1,3,1
155,290,1,1975,2,1,3,0
155,290,1,1976,2,1,3,0
155,290,1,1977,2,1,3,0
155,290,1,1978,2,1,3,0
155,290,1,1979,1,1,3,0
155,290,1,1980,1,1,3,0
155,290,1,1981,1,1,3,0
155,290,1,1982,1,1,3,0
155,290,1,1983,1,1,3,0
155,290,1,1984,1,1,3,0
155,290,1,1985,1,1,3,0
155,290,1,1986,1,1,3,0
155,290,1,1987,1,1,3,0
155,290,1,1988,1,1,3,1
155,290,1,1992,1,1,3,1
155,290,1,1997,1,1,3,0
155,290,1,1998,1,1,3,0
155,290,1,1999,1,1,3,1
108,563,1,1975,1,0,3,0
108,563,1,1976,1,0,4,0
108,563,1,1977,1,0,3,0
108,563,1,1978,1,0,3,0
108,563,1,1979,2,1,3,0
108,563,1,1980,2,1,3,0
108,563,1,1981,1,1,3,0
108,563,1,1982,1,1,3,0
108,563,1,1983,1,1,3,0
108,563,1,1984,1,1,3,0
108,563,1,1985,1,1,3,0
108,563,1,1986,1,1,3,0
108,563,1,1987,1,1,3,0
108,563,1,1988,1,1,3,0
108,563,1,1989,1,1,3,1
100,498,2,1977,1,0,3,0
100,498,2,1978,1,0,3,0
100,498,2,1979,1,0,3,0
100,498,2,1980,1,0,3,0
100,498,2,1981,2,1,3,0
100,498,2,1982,2,1,3,0
100,498,2,1983,2,1,3,0
100,498,2,1984,2,1,3,0
100,498,2,1985,2,1,4,0
100,498,2,1986,2,1,4,0
100,498,2,1987,2,1,4,0
100,498,2,1988,2,1,4,0
100,498,2,1989,2,1,4,0
100,498,2,1990,2,1,4,0
100,498,2,1991,2,1,3,0
100,498,2,1992,1,1,3,1
100,498,2,2013,1,1,3,0
100,498,2,2014,1,1,3,1
100,498,2,2016,1,1,3,1
100,7032,2,2018,1,1,3,0
100,7032,2,2019,1,1,3,1
130,291,2,1978,2,1,3,0
130,292,2,1979,2,1,3,0
141,315,1,2009,1,1,3,1
141,317,1,2008,1,1,3,0
145,320,1,1984,1,0,3,0
145,320,1,1985,1,0,3,0
145,320,1,1989,1,1,3,0
56,329,2,1989,1,0,3,1
94,528,2,2019,1,1,4,0
94,528,2,2020,1,1,4,1
80,532,2,1999,2,1,4,0
80,532,2,1997,1,1,4,0
80,532,2,1998,2,1,4,0
80,532,2,2000,1,1,4,0
115,2034,2,2016,1,0,3,1
49,337,1,1991,2,1,3,0
109,1161,2,2012,1,1,3,0
109,537,2,1993,1,1,3,0
109,537,2,1994,2,1,3,0
130,304,2,1997,2,1,3,0
130,304,2,1998,2,1,3,0
130,304,2,1999,2,1,3,0
130,304,2,2000,2,1,3,0
130,304,2,2001,2,1,4,0
130,299,2,2002,1,1,3,0
109,537,2,1995,2,1,3,0
130,303,2,2004,1,1,4,0
130,303,2,2005,2,1,4,0
109,537,2,1996,2,1,3,0
130,303,2,2007,2,1,4,0
109,537,2,1997,2,1,3,0
109,538,2,1999,2,1,3,0
109,538,2,2000,1,1,3,0
109,538,2,2001,1,1,3,0
130,303,2,2012,2,1,4,0
109,538,2,2002,1,1,3,0
130,303,2,2014,2,1,4,0
130,303,2,2015,2,1,4,0
130,303,2,2016,2,1,4,0
130,303,2,2017,2,1,4,0
130,303,2,2018,2,1,4,0
130,303,2,2019,2,1,4,0
109,538,2,2003,1,1,3,0
99,540,1,1994,1,0,3,0
99,540,1,1997,1,0,3,0
135,150,1,1974,1,0,2,1
135,150,1,1978,1,0,2,0
135,150,1,1979,2,1,2,0
135,150,1,1980,1,1,2,0
135,150,1,1981,1,1,2,1
135,150,1,1983,1,1,2,0
135,150,1,1984,1,1,2,1
135,150,1,1986,1,1,2,0
135,150,1,1987,1,1,2,0
135,150,1,1988,1,1,2,1
141,305,1,1979,1,0,3,0
141,305,1,1980,1,0,3,0
141,305,1,1981,1,0,3,0
141,305,1,1982,1,0,3,0
141,305,1,1983,1,0,3,0
141,305,1,1984,1,0,3,0
141,305,1,1985,1,0,3,0
141,305,1,1986,1,0,3,0
141,305,1,1987,1,0,3,0
141,305,1,1988,1,0,3,1
141,306,1,1992,1,0,3,1
99,540,1,2002,1,0,3,0
141,307,1,1999,1,0,3,0
141,307,1,2000,1,0,3,0
141,307,1,2001,1,0,3,0
141,307,1,2002,1,0,3,0
141,307,1,2003,1,0,3,0
141,2939,1,2004,1,0,3,1
14,758,2,1977,1,0,3,0
14,758,2,1978,2,1,3,0
14,758,2,1979,2,1,3,1
14,759,2,1982,1,1,3,0
14,759,2,1983,2,1,3,0
14,759,2,1984,2,1,3,0
14,759,2,1985,2,1,3,0
14,759,2,1986,2,1,3,0
14,759,2,1987,2,1,3,0
14,759,2,1988,2,1,3,0
14,759,2,1989,1,1,3,0
14,759,2,1990,1,1,3,1
95,499,2,1982,1,0,3,0
50,339,1,1992,2,1,4,0
50,339,1,1993,2,1,4,0
95,500,2,1986,1,0,3,0
95,500,2,1987,1,0,3,0
95,500,2,1988,2,1,3,0
50,339,1,1994,2,1,3,0
50,339,1,1995,2,1,3,1
113,1108,2,2011,1,0,3,0
95,503,2,1992,2,1,3,0
95,503,2,1993,1,1,3,0
95,503,2,1994,1,1,3,0
95,503,2,1995,1,1,3,0
95,503,2,1996,1,1,3,1
95,504,2,2001,1,1,3,0
95,504,2,2002,1,1,3,1
95,505,2,2006,1,1,4,0
95,505,2,2007,2,1,4,0
113,3563,2,2013,1,1,3,0
113,6794,2,2021,1,1,3,1
111,1126,2,2011,2,1,4,1
95,717,2,2011,2,1,4,0
95,717,2,2012,2,1,4,0
95,717,2,2013,1,1,4,0
95,717,2,2014,2,1,4,0
95,717,2,2015,2,1,4,0
95,717,2,2016,2,1,4,0
95,717,2,2017,2,1,4,0
95,717,2,2018,2,1,4,0
95,717,2,2019,2,1,4,0
95,717,2,2020,2,1,4,0
95,717,2,2021,2,1,4,0
95,717,2,2022,2,1,4,0
114,308,2,1979,1,0,3,0
114,308,2,1980,1,0,3,0
114,308,2,1981,2,1,3,0
114,308,2,1982,2,1,3,1
114,308,2,1986,1,1,3,0
114,308,2,1987,1,1,3,0
114,308,2,1988,1,1,3,1
114,308,2,1991,1,1,3,1
114,308,2,1993,1,1,3,1
114,308,2,1997,1,1,3,1
114,308,2,1999,1,1,3,0
114,308,2,2000,1,1,3,0
114,308,2,2001,1,1,3,1
114,309,2,2005,1,1,3,0
111,5802,2,2014,1,1,3,0
111,5802,2,2017,1,1,3,1
72,1157,2,2013,1,1,4,0
72,1157,2,2012,1,0,3,0
114,310,2,2010,1,1,3,0
114,309,2,2011,1,1,3,1
114,309,2,2018,1,1,3,0
114,4364,2,2019,1,1,3,0
114,309,2,2020,1,1,3,0
114,309,2,2021,1,1,3,1
114,311,1,1979,1,0,3,0
114,311,1,1980,1,0,3,1
122,312,2,1979,1,0,3,1
79,506,2,1980,1,0,3,1
79,507,2,1989,1,0,3,0
72,1157,2,2015,1,1,4,0
79,509,2,2000,1,0,3,0
79,509,2,2001,1,0,3,0
79,509,2,2002,1,1,3,0
72,1157,2,2016,1,1,4,0
35,313,1,1978,1,0,3,0
35,313,1,1979,1,0,3,0
35,313,1,1980,1,0,3,0
35,313,1,1981,1,0,3,0
35,313,1,1982,1,0,3,1
35,313,1,1985,1,0,3,0
35,313,1,1986,1,0,3,0
35,313,1,1987,1,0,3,1
35,313,1,1991,1,0,3,1
110,511,2,1980,1,0,3,1
110,539,2,2013,1,0,3,0
110,539,2,2014,1,0,3,0
72,4376,2,2014,1,1,4,0
71,512,2,1981,1,0,4,1
102,513,2,1981,1,0,3,0
102,513,2,1982,1,0,3,0
102,513,2,1983,1,0,3,1
102,513,2,1985,1,0,3,0
102,513,2,1986,1,0,3,0
102,513,2,1987,1,0,3,0
102,513,2,1988,1,0,3,1
26,28,1,1982,1,0,2,1
141,314,1,1982,1,0,3,0
141,314,1,1983,1,0,3,0
141,314,1,1984,1,0,3,0
141,314,1,1985,1,0,3,0
141,314,1,1986,1,0,3,0
141,314,1,1987,1,0,3,0
141,314,1,1988,1,0,3,1
141,315,1,1993,1,0,3,0
141,315,1,1994,1,0,3,0
141,314,1,1995,1,0,3,0
141,314,1,1996,1,0,3,1
141,314,1,1998,1,0,3,0
141,315,1,1999,1,0,3,0
72,539,2,2017,1,1,4,0
141,315,1,2003,1,0,3,0
143,805,2,2005,1,0,3,0
141,315,1,2005,1,0,3,0
61,5914,1,2015,2,1,4,0
141,315,1,2007,1,0,3,0
61,6711,1,2016,1,1,4,0
61,6711,1,2017,1,1,4,0
91,514,2,1982,1,0,3,1
87,84,1,1983,1,0,2,1
9,3,2,1983,1,0,2,1
141,319,1,1983,1,0,3,0
141,319,1,1984,1,0,3,0
141,319,1,1985,1,0,3,0
141,319,1,1986,1,0,3,0
141,319,1,1987,1,1,3,0
141,319,1,1988,2,1,3,0
141,319,1,1989,1,1,3,0
141,319,1,1990,2,1,3,0
141,319,1,1991,2,1,3,0
141,319,1,1992,2,1,3,0
141,319,1,1993,1,1,3,1
61,6711,1,2018,1,1,4,0
61,6711,1,2019,1,1,4,0
145,320,1,1986,1,1,3,0
145,320,1,1987,2,1,3,0
145,320,1,1988,1,1,3,0
61,6711,1,2020,1,1,4,0
145,320,1,1990,2,1,3,0
145,320,1,1991,2,1,3,0
145,320,1,1992,2,1,3,0
145,320,1,1993,2,1,3,0
145,320,1,1994,1,1,3,0
145,320,1,1995,2,1,3,0
145,320,1,1996,2,1,3,0
145,320,1,1997,2,1,3,0
145,320,1,1998,2,1,3,0
145,320,1,1999,2,1,3,0
145,320,1,2000,2,1,3,0
145,320,1,2001,2,1,3,1
145,320,1,2003,1,1,3,1
145,320,1,2005,1,1,3,0
145,320,1,2006,2,1,3,0
145,320,1,2007,2,1,3,0
145,320,1,2008,2,1,3,0
145,320,1,2009,2,1,3,1
83,564,2,1960,2,1,4,0
83,564,2,1961,1,1,3,1
83,515,2,1984,1,1,3,1
83,1051,2,2015,1,1,4,0
83,1051,2,2016,1,1,3,0
83,1051,2,2017,1,1,3,1
83,1051,2,2020,1,1,3,1
83,1051,2,2022,1,1,3,0
115,323,1,1984,1,0,3,0
115,323,1,1985,1,0,3,0
115,323,1,1986,1,0,3,0
115,323,1,1987,1,1,3,0
115,323,1,1988,1,1,3,0
115,323,1,1989,1,1,3,0
115,323,1,1990,1,1,3,0
115,323,1,1991,1,1,3,0
115,323,1,1992,2,1,3,0
115,323,1,1993,2,1,3,0
115,323,1,1994,2,1,3,0
115,323,1,1995,2,1,3,0
115,323,1,1996,2,1,3,0
115,323,1,1997,2,1,3,0
115,323,1,1998,2,1,3,0
115,323,1,1999,2,1,3,0
115,323,1,2000,1,1,3,0
115,323,1,2001,1,1,3,0
115,323,1,2002,1,1,3,0
115,323,1,2003,1,1,3,0
115,323,1,2004,1,1,3,0
115,323,1,2005,1,1,3,0
115,323,1,2006,1,1,3,0
115,323,1,2007,1,1,3,0
115,323,1,2008,1,1,3,0
115,323,1,2009,1,1,3,0
115,323,1,2010,1,1,3,0
115,323,1,2011,1,1,3,0
115,323,1,2012,1,1,3,0
115,323,1,2013,1,1,3,1
115,323,1,2015,1,1,3,0
115,323,1,2016,2,1,3,0
115,323,1,2017,1,1,3,0
115,323,1,2018,1,1,3,0
115,323,1,2019,1,1,3,0
115,323,1,2020,1,1,3,0
115,323,1,2021,1,1,3,0
115,323,1,2022,1,1,3,0
78,72,1,1985,1,0,2,1
149,147,1,1986,1,0,2,0
149,147,1,1987,1,0,2,0
149,147,1,1988,1,0,2,1
19,760,2,1987,1,0,3,1
82,516,2,1986,1,0,3,1
82,6716,2,2022,1,0,3,0
124,324,2,1986,2,1,3,1
78,517,2,1987,1,0,3,1
78,6716,2,2018,1,0,4,0
78,6716,2,2019,1,0,4,0
78,6716,2,2020,1,0,4,0
78,6716,2,2021,1,1,4,0
78,6716,2,2022,2,1,4,0
87,111,1,1987,2,1,2,1
107,518,2,1989,1,0,3,1
97,519,1,1975,1,0,3,0
97,519,1,1976,1,0,3,1
97,520,1,1996,1,0,3,1
141,325,1,1990,1,0,3,0
141,325,1,1991,1,0,3,0
141,325,1,1992,1,1,3,0
141,325,1,1993,1,1,3,0
141,325,1,1994,1,1,3,0
141,325,1,1995,1,1,3,0
141,325,1,1996,1,1,3,0
141,325,1,1997,1,1,3,0
141,325,1,1998,1,1,3,0
141,325,1,1999,1,1,3,0
141,325,1,2000,2,1,3,0
141,325,1,2001,1,1,3,0
141,325,1,2002,2,1,3,0
141,325,1,2003,2,1,3,0
141,325,1,2004,2,1,3,0
141,325,1,2005,2,1,3,0
141,325,1,2006,1,1,3,0
141,325,1,2007,1,1,3,0
141,325,1,2008,1,1,3,0
141,325,1,2009,1,1,3,0
141,325,1,2010,1,1,3,0
141,325,1,2011,1,1,3,0
141,325,1,2012,1,1,3,0
141,325,1,2013,1,1,3,0
141,325,1,2014,1,1,3,0
141,325,1,2015,1,1,3,0
141,325,1,2016,1,1,3,0
141,325,1,2017,1,1,3,0
141,325,1,2018,1,1,3,0
141,325,1,2019,1,1,3,0
141,325,1,2020,1,1,3,0
141,325,1,2021,1,1,3,0
141,325,1,2022,1,1,3,0
141,326,1,1990,1,0,3,1
141,326,1,1994,1,0,3,0
141,326,1,1995,1,0,3,0
141,326,1,1996,1,0,3,0
141,326,1,1997,1,0,3,0
141,326,1,1998,1,0,3,0
141,326,1,1999,1,0,3,0
141,326,1,2000,1,0,3,0
141,326,1,2001,1,0,3,0
141,326,1,2002,1,0,3,0
141,326,1,2003,1,0,3,0
141,326,1,2004,1,0,3,0
141,326,1,2005,1,0,3,0
141,326,1,2006,1,0,3,0
141,326,1,2007,1,0,3,0
141,326,1,2008,1,1,3,0
141,326,1,2009,1,1,3,0
141,326,1,2010,1,1,3,1
155,327,1,1990,1,0,3,0
155,327,1,1991,1,0,3,1
155,327,1,1999,1,0,3,0
155,327,1,2000,1,0,3,0
155,327,1,2001,1,0,3,0
155,327,1,2002,1,1,3,0
155,327,1,2003,1,1,3,0
155,327,1,2004,1,1,3,0
155,327,1,2005,1,1,3,1
16,761,2,1989,1,0,3,1
16,3,2,1989,1,0,2,1
157,328,1,1990,1,0,3,1
157,328,1,1992,1,0,3,0
157,328,1,1993,1,0,3,0
157,328,1,1994,1,0,3,0
157,328,1,1995,1,0,3,0
157,328,1,1996,1,0,3,1
61,6712,1,2021,1,1,4,0
116,125,1,1990,2,1,2,0
116,125,1,1991,2,1,2,1
72,521,1,1990,1,0,3,0
72,934,1,1991,1,0,3,1
72,522,1,1994,1,0,3,1
72,523,1,2007,1,0,3,0
72,523,1,2008,1,0,3,0
72,523,1,2009,1,0,3,1
72,1158,1,2012,1,0,3,1
72,1158,1,2014,1,1,3,0
72,1158,1,2015,1,1,4,1
75,525,1,1994,1,0,3,1
94,527,2,1990,2,1,4,0
94,527,2,1991,1,1,3,0
94,527,2,1992,1,1,3,0
94,527,2,1993,1,1,3,0
94,527,2,1994,2,1,3,1
94,1128,2,1996,1,1,3,0
94,1128,2,1997,2,1,3,0
94,1128,2,1998,2,1,3,0
94,1128,2,1999,1,1,3,0
94,1128,2,2000,1,1,3,0
94,528,2,2001,2,1,3,0
94,528,2,2002,1,1,3,1
94,528,2,2009,2,1,4,0
94,528,2,2010,1,1,4,0
94,528,2,2011,1,1,4,0
94,528,2,2012,1,1,4,1
94,528,2,2016,1,1,4,1
130,3,2,2001,2,1,2,1
17,743,2,2013,1,1,3,0
73,529,1,1990,1,0,3,1
73,529,1,1992,1,0,3,0
73,529,1,1993,1,0,3,1
73,529,1,1995,1,0,3,1
73,529,1,1997,1,0,3,0
73,529,1,1998,1,1,3,1
73,529,1,2000,1,1,3,0
73,529,1,2001,1,1,3,1
73,529,1,2003,1,1,3,1
73,529,1,2011,1,1,3,1
57,330,1,1990,1,0,3,0
57,330,1,1991,1,0,3,1
57,331,1,1990,1,0,3,1
8,762,2,1990,1,0,3,1
96,530,2,1991,1,0,3,0
96,530,2,1992,1,0,3,0
96,530,2,1993,1,0,3,0
96,530,2,1994,1,0,3,1
96,531,2,1999,1,0,3,1
63,332,2,1991,1,0,3,0
63,333,2,1992,1,0,3,0
63,333,2,1993,1,0,3,1
6,763,2,1989,1,0,3,1
6,764,2,1991,1,0,3,1
17,743,2,2015,1,1,3,0
80,532,2,1991,1,0,4,0
80,532,2,1992,1,0,4,0
80,532,2,1993,1,1,4,0
80,532,2,1994,1,1,4,0
80,532,2,1995,2,1,4,0
80,532,2,1996,1,1,4,0
17,743,2,1985,2,1,3,0
17,743,2,1986,1,1,3,0
17,743,2,1984,1,1,3,0
17,743,2,1988,1,1,3,0
80,532,2,2001,1,1,3,1
115,334,2,1991,1,0,3,0
115,334,2,1992,1,0,3,0
115,334,2,1993,1,0,3,1
115,8179,2,2000,1,0,3,1
115,335,2,2005,1,0,3,1
17,743,2,1987,1,1,3,0
49,336,1,1991,1,0,3,1
17,744,2,1989,1,1,3,0
49,337,1,1992,1,1,3,1
109,536,2,1991,1,0,3,0
109,537,2,1992,1,0,3,0
17,743,2,1990,1,1,3,0
17,743,2,1978,1,0,3,0
17,743,2,1979,1,1,3,0
17,745,2,1981,1,1,3,0
17,743,2,1982,1,1,3,0
109,538,2,1998,2,1,3,0
17,745,2,1983,1,1,3,0
17,744,2,2018,1,1,3,0
17,744,2,2019,1,1,3,0
17,744,2,2021,1,1,3,0
21,748,2,1965,1,0,3,1
109,539,2,2004,1,1,4,0
109,539,2,2005,1,1,3,0
109,539,2,2006,1,1,3,0
109,539,2,2007,1,1,3,0
109,539,2,2008,1,1,3,0
109,539,2,2009,1,1,3,0
109,539,2,2010,1,1,3,0
109,539,2,2011,1,1,3,0
21,750,2,1989,2,1,3,0
109,539,2,2013,1,1,3,0
109,539,2,2014,1,1,3,0
109,539,2,2015,1,1,3,0
109,539,2,2016,1,1,3,0
109,539,2,2017,1,1,3,0
109,539,2,2018,1,1,3,1
109,539,2,2020,1,1,3,1
99,540,1,1991,1,0,3,0
99,541,1,1992,1,0,3,1
21,750,2,1990,2,1,3,0
99,541,1,1995,1,0,3,0
99,541,1,1996,1,0,3,0
21,750,2,1991,2,1,3,0
99,541,1,1998,1,0,3,1
21,750,2,1992,2,1,3,0
99,541,1,2003,1,0,3,0
99,541,1,2004,1,0,3,1
99,541,1,2007,1,0,3,1
99,541,1,2009,1,0,3,1
99,7412,1,2016,1,0,3,0
99,7412,1,2017,1,0,3,1
99,7412,1,2019,1,0,3,0
99,7412,1,2020,1,0,3,1
99,7412,1,2022,1,0,3,0
64,338,1,1991,1,0,4,0
64,338,1,1992,2,1,4,0
64,338,1,1993,2,1,4,0
64,338,1,1994,2,1,3,1
64,338,1,1997,1,1,4,0
64,338,1,1998,1,1,4,1
64,338,1,2005,1,1,4,1
64,338,1,2008,1,1,4,1
64,338,1,2012,1,1,4,1
64,338,1,2014,1,1,4,0
64,338,1,2015,1,1,4,0
64,338,1,2016,1,1,4,0
64,338,1,2017,1,1,4,1
64,338,1,2020,2,1,4,0
64,338,1,2021,1,1,4,0
64,338,1,2022,1,1,4,0
21,751,2,1993,1,1,3,0
13,753,2,1979,1,0,3,0
6,765,2,2004,1,0,3,1
130,8114,2,2022,1,1,3,0
48,340,1,1992,2,1,4,0
48,340,1,1993,1,1,4,0
48,340,1,1994,1,1,3,0
48,340,1,1995,2,1,3,1
117,341,2,1993,1,0,3,0
117,341,2,1994,1,0,3,0
117,341,2,1995,1,0,3,0
117,341,2,1996,1,0,3,0
117,341,2,1997,1,0,3,0
117,341,2,1998,1,0,3,1
117,4319,2,2014,1,0,3,1
117,6616,2,2017,1,1,3,0
117,6616,2,2018,1,1,3,0
117,6616,2,2019,1,1,3,1
63,342,1,1992,1,0,3,0
63,342,1,1993,2,1,3,1
63,343,1,1992,1,0,3,1
63,343,1,2004,1,0,3,1
63,343,1,2008,1,0,4,1
55,344,1,1992,1,0,3,1
131,345,2,1992,2,1,4,0
131,345,2,1993,2,1,4,0
131,345,2,1994,1,1,4,0
131,345,2,1995,1,1,4,0
131,345,2,1996,2,1,4,0
131,346,2,1997,1,1,3,0
131,345,2,1998,1,1,3,1
131,1216,2,2000,1,1,3,1
131,1216,2,2010,1,1,3,0
131,359,2,2011,1,1,3,1
64,347,2,1993,1,0,3,1
64,348,2,1995,1,0,3,1
50,349,1,1993,1,0,3,0
50,349,1,1994,2,1,3,0
50,349,1,1995,1,1,3,1
50,350,1,1992,1,0,3,0
50,350,1,1993,2,1,4,0
50,350,1,1994,1,1,3,1
57,351,2,1993,1,0,3,1
10,767,2,1994,1,0,3,1
10,768,2,1996,1,0,3,1
57,352,1,1994,1,0,3,0
57,352,1,1995,2,1,3,0
57,352,1,1996,2,1,3,1
57,352,1,1999,2,1,3,0
57,352,1,2000,2,1,3,0
57,352,1,2001,1,1,3,0
57,352,1,2002,2,1,3,0
57,352,1,2003,1,1,3,0
57,352,1,2004,2,1,3,0
57,352,1,2005,1,1,3,0
57,352,1,2006,1,1,3,0
57,352,1,2007,1,1,3,1
123,353,1,1994,2,1,3,1
20,21,1,1995,1,0,2,1
142,354,2,1990,1,0,3,1
142,354,2,1994,1,0,3,0
142,354,2,1995,1,0,3,0
142,354,2,1996,1,0,3,1
142,356,2,2007,1,0,3,0
142,356,2,2008,2,1,3,0
142,356,2,2009,2,1,3,0
142,356,2,2010,2,1,3,0
142,356,2,2011,2,1,3,0
142,1101,2,2012,2,1,3,0
142,356,2,2013,2,1,3,0
142,356,2,2014,2,1,3,0
142,356,2,2015,2,1,4,0
142,356,2,2016,1,1,4,0
142,356,2,2017,1,1,4,0
142,356,2,2018,1,1,4,0
142,356,2,2019,1,1,3,0
142,356,2,2020,1,1,3,0
142,356,2,2021,1,1,3,0
142,356,2,2022,1,1,3,0
83,84,1,1996,1,0,2,1
75,543,1,1995,1,0,3,1
107,544,1,1997,1,0,3,1
88,546,2,1993,1,0,3,1
88,547,2,1997,2,1,4,0
88,546,2,1998,2,1,4,0
88,547,2,1999,1,1,4,1
88,548,2,2002,1,1,4,1
88,548,2,2016,1,1,3,1
98,97,1,1998,2,1,2,0
98,97,1,1999,2,1,2,0
98,97,1,2000,2,1,2,1
98,97,1,2016,1,1,2,1
70,549,2,1998,1,0,4,0
70,549,2,1999,1,0,4,1
104,550,2,1998,1,0,4,1
49,357,1,1998,2,1,3,0
49,357,1,1999,2,1,4,1
97,551,1,1977,1,0,3,0
97,551,1,1978,1,0,3,1
97,551,1,1980,1,0,4,0
97,551,1,1981,2,1,3,1
97,551,1,1983,1,1,3,0
97,551,1,1984,1,1,3,0
97,551,1,1985,1,1,3,0
97,551,1,1986,1,1,3,0
97,551,1,1987,1,1,3,0
97,551,1,1988,1,1,3,0
97,551,1,1989,1,1,3,0
97,551,1,1990,1,1,3,0
97,551,1,1991,1,1,3,0
97,551,1,1992,1,1,3,1
97,551,1,1994,1,1,3,0
97,551,1,1995,1,1,3,1
97,551,1,1998,1,1,3,0
97,551,1,1999,1,1,3,0
97,551,1,2000,1,1,3,0
97,551,1,2001,1,1,3,0
97,551,1,2002,1,1,3,0
97,551,1,2003,1,1,3,0
97,551,1,2004,1,1,3,0
97,551,1,2005,1,1,3,0
97,551,1,2006,1,1,3,0
97,551,1,2007,1,1,3,0
97,551,1,2008,1,1,3,0
97,551,1,2009,1,1,3,0
97,551,1,2010,1,1,3,0
97,551,1,2011,1,1,3,0
97,551,1,2012,1,1,3,0
97,551,1,2013,1,1,3,1
97,551,1,2015,1,1,3,0
97,551,1,2016,1,1,3,1
97,7595,1,2019,1,1,3,0
97,7595,1,2020,1,1,3,0
97,7595,1,2021,1,1,3,0
97,7595,1,2022,1,1,4,0
57,358,1,1999,1,0,3,1
133,359,2,1999,1,0,3,0
133,359,2,2000,1,0,4,1
133,360,2,2004,1,0,3,1
86,552,2,2001,1,0,4,0
86,553,2,2002,1,0,3,1
86,554,2,2006,1,0,4,1
86,1053,2,2009,1,0,3,0
86,1053,2,2010,1,0,3,0
86,1053,2,2011,1,0,3,0
86,554,2,2012,1,0,4,0
86,4201,2,2013,1,0,4,0
86,4201,2,2014,1,1,4,1
86,4201,2,2017,1,1,4,0
86,4201,2,2018,1,1,4,0
86,5999,2,2019,1,1,4,0
86,5999,2,2020,1,1,4,0
86,5999,2,2021,1,1,4,0
86,7870,2,2022,1,1,4,0
47,361,2,2001,1,0,3,1
3,769,2,2001,2,1,4,0
3,769,2,2002,1,1,4,0
3,769,2,2003,1,1,4,0
3,769,2,2004,1,1,4,0
3,769,2,2005,1,1,4,0
3,769,2,2006,1,1,4,0
3,769,2,2007,1,1,4,0
3,769,2,2008,1,1,4,0
3,769,2,2009,1,1,4,0
3,769,2,2010,1,1,4,0
3,769,2,2011,1,1,4,0
3,769,2,2012,1,1,4,0
3,769,2,2013,1,1,4,0
3,769,2,2014,1,1,4,0
3,769,2,2015,1,1,4,0
3,769,2,2016,1,1,4,0
3,769,2,2017,1,1,4,1
3,769,2,2019,1,1,4,1
76,556,2,2002,1,0,3,0
76,555,2,2003,1,0,3,0
76,558,2,2004,1,0,3,1
76,1125,2,2011,1,0,3,1
156,116,2,2003,2,1,2,1
141,362,1,1989,1,0,3,0
141,362,1,1990,1,0,3,1
141,363,1,1994,1,0,3,1
141,363,1,1996,1,0,3,0
141,363,1,1997,1,0,3,0
141,363,1,1998,1,0,3,0
141,363,1,1999,1,0,3,1
141,363,1,2001,1,0,3,0
141,363,1,2002,1,0,3,0
141,363,1,2003,1,0,3,0
141,363,1,2004,1,0,3,1
141,1066,1,2009,1,0,3,0
141,1066,1,2010,1,0,3,1
141,5826,1,2013,1,0,3,0
141,5826,1,2014,1,0,3,1
144,364,1,1997,1,0,3,1
147,365,1,2003,1,0,3,0
147,365,1,2004,1,0,3,0
147,365,1,2005,1,0,3,0
147,365,1,2006,1,0,3,0
147,365,1,2007,1,0,3,0
147,365,1,2008,1,0,3,0
147,365,1,2009,1,1,3,0
147,365,1,2010,1,1,3,0
147,365,1,2011,1,1,3,0
147,365,1,2012,1,1,3,0
147,365,1,2013,1,1,3,0
147,365,1,2014,1,1,3,0
147,365,1,2015,1,1,3,0
147,365,1,2016,1,1,3,0
147,365,1,2017,1,1,3,0
147,365,1,2018,1,1,3,0
147,365,1,2019,1,1,3,0
147,365,1,2020,1,1,3,0
147,365,1,2021,1,1,3,0
147,365,1,2022,1,1,3,0
84,559,1,2004,1,0,3,1
84,560,1,2004,1,0,3,1
121,366,1,1990,1,0,3,0
121,366,1,1991,1,0,3,0
121,366,1,1992,1,0,3,0
121,366,1,1993,1,0,3,0
121,366,1,1994,1,0,3,0
121,366,1,1995,1,0,3,0
121,366,1,1996,1,0,3,0
121,366,1,1997,1,0,3,0
121,366,1,1998,1,0,3,0
121,366,1,1999,1,0,3,1
121,366,1,2006,1,1,3,1
92,90,1,1978,1,0,2,1
74,563,1,1975,1,0,3,0
74,563,1,1976,1,0,3,0
74,563,1,1977,1,1,3,0
74,563,1,1978,1,1,3,1
89,561,1,2007,1,0,3,0
89,561,1,2008,1,0,3,1
89,561,1,2017,1,0,4,1
89,561,1,2020,1,0,4,1
75,524,2,1991,1,0,3,0
75,524,2,1992,1,0,3,1
75,526,2,1997,1,0,3,1
75,562,2,2007,1,0,3,0
75,562,2,2008,1,0,3,1
75,6716,2,2021,1,0,4,0
75,6716,2,2022,1,0,4,0
130,57,2,1979,1,0,2,1
57,367,1,2007,1,0,3,0
57,367,1,2008,1,0,3,0
57,367,1,2009,1,1,3,0
57,367,1,2010,1,1,3,0
57,367,1,2011,1,1,3,0
57,367,1,2012,1,1,3,0
57,367,1,2013,1,1,3,0
57,367,1,2014,1,1,3,0
57,367,1,2015,1,1,3,1
141,369,1,2008,1,0,3,1
96,98,1,2008,1,0,2,1
97,1054,1,1977,1,0,3,0
97,1054,1,1978,1,0,3,0
97,1054,1,1979,1,0,3,0
97,1054,1,1980,1,0,4,1
97,1055,1,1981,2,1,3,1
97,1055,1,1983,1,1,3,1
144,880,1,2009,1,0,3,1
144,880,1,2014,1,0,3,0
144,880,1,2015,1,0,3,1
144,880,1,2017,1,0,3,1
144,880,1,2021,1,0,3,1
144,889,1,1973,1,0,3,0
144,889,1,1974,1,0,3,0
144,889,1,1975,1,0,3,0
144,889,1,1976,1,0,3,0
144,889,1,1977,1,0,3,0
144,889,1,1978,1,0,3,0
144,889,1,1979,1,0,3,0
144,889,1,1980,1,0,3,0
144,889,1,1981,1,0,3,0
144,889,1,1982,1,0,3,1
74,539,2,2010,1,0,4,1
28,116,2,2003,2,1,2,1
3,116,2,2003,2,1,2,1
116,121,1,1949,1,1,2,1
120,121,1,1949,1,1,2,1
119,121,1,1949,1,1,2,1
118,121,1,1949,1,1,2,1
116,121,1,1948,2,1,2,0
120,121,1,1948,2,1,2,0
119,121,1,1948,2,1,2,0
118,121,1,1948,2,1,2,0
76,558,2,2011,1,0,3,1
76,557,2,2003,1,0,3,0
76,557,2,2002,1,0,3,0
86,7870,2,2021,1,1,4,0
86,7870,2,2020,1,1,4,0
86,5999,2,2018,1,1,4,0
86,554,2,2013,1,0,4,0
88,548,2,1999,1,1,4,1
88,547,2,1998,2,1,4,0
88,548,2,1998,2,1,4,0
88,545,2,1997,2,1,4,0
142,359,2,2014,2,1,3,0
142,399,2,2014,2,1,3,0
142,5928,2,2014,2,1,3,0
142,399,2,2013,2,1,3,0
142,356,2,2012,2,1,3,0
142,399,2,2012,2,1,3,0
142,399,2,2010,2,1,3,0
142,399,2,2009,2,1,3,0
50,370,1,1994,1,1,3,1
50,370,1,1993,2,1,4,0
131,359,2,2010,1,1,3,0
131,346,2,1998,1,1,3,1
131,1186,2,1992,2,1,4,0
117,6844,2,2017,1,1,3,0
48,371,1,1992,2,1,4,0
130,8343,2,2022,1,1,3,0
6,766,2,2004,1,0,3,1
13,754,2,1979,1,0,3,0
21,750,2,1993,1,1,3,0
21,751,2,1992,2,1,3,0
21,751,2,1991,2,1,3,0
21,751,2,1990,2,1,3,0
21,751,2,1989,2,1,3,0
21,749,2,1965,1,0,3,1
17,8468,2,2021,1,1,3,0
17,8468,2,2019,1,1,3,0
17,8468,2,2018,1,1,3,0
17,743,2,1983,1,1,3,0
17,745,2,1982,1,1,3,0
17,743,2,1981,1,1,3,0
17,745,2,1979,1,1,3,0
17,745,2,1978,1,0,3,0
17,744,2,1990,1,1,3,0
17,746,2,1990,1,1,3,0
17,746,2,1989,1,1,3,0
17,743,2,1989,1,1,3,0
17,744,2,1987,1,1,3,0
17,746,2,1987,1,1,3,0
17,744,2,1988,1,1,3,0
17,745,2,1988,1,1,3,0
17,746,2,1988,1,1,3,0
17,744,2,1984,1,1,3,0
17,745,2,1984,1,1,3,0
17,746,2,1984,1,1,3,0
17,744,2,1986,1,1,3,0
17,745,2,1986,1,1,3,0
17,744,2,1985,2,1,3,0
17,745,2,1985,2,1,3,0
17,744,2,2015,1,1,3,0
17,744,2,2013,1,1,3,0
130,3,2,2001,2,1,2,1
61,6711,1,2021,1,1,4,0
61,6712,1,2020,1,1,4,0
61,6712,1,2016,1,1,4,0
61,6712,1,2017,1,1,4,0
61,6712,1,2018,1,1,4,0
61,6712,1,2019,1,1,4,0
61,6711,1,2015,2,1,4,0
61,6712,1,2015,2,1,4,0
143,1165,2,2005,1,0,3,0
72,6716,2,2017,1,1,4,0
72,539,2,2014,1,1,4,0
72,539,2,2015,1,1,4,0
72,539,2,2016,1,1,4,0
72,1164,2,2012,1,0,3,0
72,1161,2,2013,1,1,4,0
72,3481,2,2013,1,1,4,0
72,539,2,2013,1,1,4,0
111,6814,2,2017,1,1,3,1
111,6893,2,2017,1,1,3,1
111,5940,2,2014,1,1,3,0
111,1127,2,2011,2,1,4,1
113,8201,2,2021,1,1,3,1
113,4226,2,2013,1,1,3,0
113,1124,2,2011,1,0,3,0
50,371,1,1995,2,1,3,1
50,371,1,1994,2,1,3,0
50,371,1,1993,2,1,4,0
50,371,1,1992,2,1,4,0
99,541,1,2002,1,0,3,0
99,541,1,1997,1,0,3,0
99,541,1,1994,1,0,3,0
109,539,2,2003,1,1,3,0
94,5801,2,2019,1,1,4,0
94,5801,2,2020,1,1,4,1
80,533,2,1999,2,1,4,0
80,533,2,1997,1,1,4,0
80,533,2,1998,2,1,4,0
80,535,2,2000,1,1,4,0
115,6689,2,2016,1,0,3,1
49,370,1,1991,2,1,3,0
109,539,2,2012,1,1,3,0
109,538,2,1993,1,1,3,0
109,538,2,1994,2,1,3,0
109,538,2,1995,2,1,3,0
109,538,2,1996,2,1,3,0
109,538,2,1997,2,1,3,0
109,539,2,1999,2,1,3,0
109,539,2,2000,1,1,3,0
109,539,2,2001,1,1,3,0
109,539,2,2002,1,1,3,0
141,318,1,2009,1,1,3,1
141,318,1,2008,1,1,3,0
145,321,1,1984,1,0,3,0
145,322,1,1985,1,0,3,0
145,322,1,1989,1,1,3,0
56,6137,2,1989,1,0,3,1
141,317,1,2009,1,1,3,1
141,315,1,2006,1,0,3,0
141,315,1,2004,1,0,3,0
114,310,2,2009,1,1,3,0
79,508,2,1990,1,0,3,1
79,510,2,2003,2,1,3,1
110,6359,2,2015,1,0,3,1
141,315,1,2000,1,0,3,1
114,310,2,2006,1,1,3,0
114,310,2,2007,1,1,3,0
114,310,2,2008,1,1,3,0
95,717,2,2008,2,1,4,0
95,501,2,1991,2,1,3,0
95,502,2,1991,2,1,3,0
95,503,2,1991,2,1,3,0
95,501,2,1990,2,1,3,0
95,502,2,1990,2,1,3,0
95,501,2,1989,1,1,3,0
95,500,2,1984,1,0,3,1
95,717,2,2010,2,1,4,0
95,500,2,1983,1,0,3,0
95,717,2,2009,2,1,4,0
130,303,2,2013,2,1,4,0
130,6252,2,2020,2,1,4,0
130,8114,2,2021,2,1,4,0
141,307,1,1997,1,0,3,1
130,303,2,2003,1,1,4,0
130,303,2,2006,2,1,4,0
130,303,2,2008,2,1,4,0
130,303,2,2009,2,1,4,0
130,303,2,2010,2,1,4,0
130,303,2,2011,2,1,4,0
93,3553,2,2022,1,1,4,0
89,1200,2,2021,1,1,4,0
144,8060,2,2022,2,1,3,0
121,208,1,2022,1,1,3,0
97,8196,2,2022,2,1,4,0
89,3043,2,2022,1,1,4,0
89,6896,2,2022,1,1,4,0
89,7098,2,2022,1,1,4,0
89,7107,2,2022,1,1,4,0
89,3043,2,2021,1,1,4,0
89,6920,2,2021,1,1,4,0
89,7098,2,2021,1,1,4,0
145,321,1,1985,1,0,3,0
80,534,2,1997,1,1,4,0
80,534,2,1998,2,1,4,0
94,6684,2,2019,1,1,4,0
94,6684,2,2020,1,1,4,1
89,3043,2,2020,1,1,4,0
93,6513,2,2020,1,1,4,0
121,209,1,2021,1,1,3,0
89,6920,2,2020,1,1,4,0
89,6894,2,2019,1,1,4,0
89,6920,2,2019,1,1,4,0
112,469,2,2017,1,1,3,0
123,881,2,2018,2,1,4,0
89,6590,2,2018,1,1,4,0
154,6999,1,2018,1,1,3,0
89,6894,2,2018,1,1,4,0
89,6920,2,2018,1,1,4,0
112,5849,2,2017,1,1,3,0
89,6590,2,2016,1,1,3,0
154,1146,1,2016,1,1,3,0
112,1123,2,2016,2,1,3,0
142,287,1,2016,1,1,3,1
123,6254,2,2017,2,1,4,0
89,1160,2,2017,2,1,4,0
89,6590,2,2017,2,1,4,0
89,6740,2,2017,2,1,4,0
123,881,2,2017,2,1,4,0
154,6578,1,2016,1,1,3,0
154,6998,1,2016,1,1,3,0
123,6254,2,2016,2,1,4,0
142,287,1,2015,1,1,3,0
142,289,1,2015,1,1,3,0
90,489,2,2014,1,1,4,0
142,289,1,2014,1,1,3,0
123,6254,2,2015,2,1,4,0
93,6297,2,2015,1,1,3,1
154,276,1,2015,1,1,3,0
112,1162,2,2015,2,1,3,0
123,881,2,2015,2,1,4,0
93,6513,2,2015,1,1,3,1
154,277,1,2015,1,1,3,0
112,5866,2,2015,2,1,3,0
112,5849,2,2014,1,1,3,0
112,5866,2,2014,1,1,3,0
90,489,2,2013,1,1,4,0
123,881,2,2014,2,1,4,0
121,209,1,2014,2,1,3,1
89,3043,2,2014,1,1,4,1
154,277,1,2014,1,1,3,0
154,277,1,2013,1,1,3,0
154,278,1,2013,1,1,3,0
89,1200,2,2013,2,1,4,0
89,4286,2,2013,2,1,4,0
144,256,1,2013,1,1,3,1
112,1123,2,2011,2,1,4,0
90,489,2,2011,1,1,4,1
121,209,1,2012,1,1,3,1
89,3043,2,2012,1,1,4,0
154,277,1,2012,1,1,3,0
142,287,1,2012,1,1,3,0
142,289,1,2012,1,1,3,0
89,3518,2,2012,1,1,4,0
112,1124,2,2011,2,1,4,0
112,1162,2,2011,2,1,4,0
112,468,2,2011,2,1,4,0
112,469,2,2011,2,1,4,0
116,234,2,2011,1,1,4,0
144,256,1,2011,1,1,3,1
154,277,1,2011,1,1,3,0
90,489,2,2010,1,1,4,0
144,180,1,2011,1,1,3,1
121,209,1,2011,1,1,3,0
17,744,2,2010,1,1,3,0
112,468,2,2010,2,1,3,0
112,469,2,2010,2,1,3,0
116,234,2,2007,2,1,4,0
154,277,1,2007,1,1,3,0
112,472,2,2007,1,1,3,0
121,209,1,2008,1,1,3,0
116,5659,2,2008,2,1,4,0
17,744,2,2008,1,1,3,0
112,469,2,2008,1,1,3,0
142,289,1,2008,1,1,3,0
121,209,1,2009,1,1,3,0
154,277,1,2009,1,1,3,0
112,469,2,2009,1,1,3,0
142,289,1,2009,1,1,3,1
144,180,1,2010,1,1,3,0
112,472,2,2008,1,1,3,0
116,235,2,2007,2,1,4,0
154,279,1,2007,1,1,3,0
116,5659,2,2007,2,1,4,0
87,454,2,2006,2,1,3,0
17,744,2,2006,1,1,3,0
112,470,2,2006,2,1,3,0
142,288,1,2006,1,1,3,0
121,208,1,2007,1,1,3,0
121,209,1,2007,1,1,3,0
112,471,2,2006,2,1,3,0
87,456,2,2006,2,1,3,0
116,234,2,2006,2,1,4,0
116,235,2,2006,2,1,4,0
121,208,1,2006,1,1,3,0
121,209,1,2006,1,1,3,0
121,212,1,2006,1,1,3,0
17,744,2,2005,2,1,3,0
154,277,1,2005,1,1,3,0
154,278,1,2005,1,1,3,0
116,234,2,2005,2,1,4,0
116,235,2,2005,2,1,4,0
121,208,1,2005,1,1,3,0
121,209,1,2005,1,1,3,0
112,468,2,2004,2,1,3,0
112,469,2,2004,2,1,3,0
154,277,1,2004,1,1,3,0
141,194,2,2003,1,1,3,0
121,209,1,2003,1,1,3,0
93,434,2,2003,1,1,3,0
17,744,2,2003,2,1,3,0
154,277,1,2003,1,1,3,0
112,468,2,2003,2,1,4,0
141,194,2,2004,1,1,3,0
121,209,1,2004,1,1,3,0
116,234,2,2004,2,1,4,0
17,743,2,2004,2,1,3,0
121,211,1,2004,1,1,3,0
116,5659,2,2004,2,1,4,0
17,744,2,2004,2,1,3,0
112,469,2,2003,2,1,4,0
121,211,1,2003,1,1,3,0
112,467,2,2000,2,1,3,0
90,489,2,2000,1,1,3,0
141,194,2,2001,1,1,3,0
121,207,1,2001,1,1,3,0
93,434,2,2001,2,1,3,0
17,744,2,2001,2,1,3,0
154,277,1,2001,1,1,3,0
112,467,2,2001,2,1,3,0
90,489,2,2001,1,1,3,0
141,194,2,2002,1,1,3,0
121,208,1,2002,1,1,3,0
93,434,2,2002,2,1,3,0
17,743,2,2002,2,1,3,0
154,277,1,2002,1,1,3,0
90,489,2,2002,2,1,3,0
17,744,2,2002,2,1,3,0
121,209,1,2002,1,1,3,0
121,210,1,2002,1,1,3,0
121,211,1,2002,1,1,3,0
154,278,1,2001,1,1,3,0
121,208,1,2001,1,1,3,0
121,209,1,2001,1,1,3,0
121,210,1,2001,1,1,3,0
154,277,1,2000,2,1,3,0
93,434,2,2000,2,1,3,0
17,743,2,2000,2,1,3,0
17,744,2,2000,2,1,3,0
89,424,2,2000,2,1,4,0
121,210,1,2000,1,1,3,0
89,424,2,1999,2,1,4,0
93,434,2,1999,1,1,3,0
17,744,2,1999,2,1,3,0
112,467,2,1999,2,1,3,0
97,542,1,1999,1,1,3,0
144,181,1,2000,1,1,3,0
141,194,2,2000,1,1,3,0
141,3946,2,2000,1,1,3,0
141,194,2,1999,1,1,3,0
90,489,2,1998,1,1,3,0
112,467,2,1998,2,1,3,0
154,277,1,1998,1,1,3,0
148,7248,2,1998,1,1,3,1
17,744,2,1998,1,1,3,0
93,432,2,1998,1,1,3,0
93,434,2,1998,1,1,3,0
87,451,2,1997,1,1,3,0
17,744,2,1997,1,1,3,0
148,7248,2,1997,1,1,3,0
154,277,1,1997,1,1,3,0
112,467,2,1997,2,1,3,0
90,489,2,1997,1,1,3,0
89,424,2,1998,2,1,4,0
90,491,2,1997,1,1,3,0
148,7249,2,1997,1,1,3,0
130,300,2,1994,2,1,3,0
17,744,2,1995,1,1,3,0
130,300,2,1995,2,1,3,0
17,744,2,1996,2,1,3,0
154,277,1,1996,1,1,3,0
112,467,2,1996,2,1,3,0
90,489,2,1996,2,1,3,0
97,542,1,1996,1,1,3,1
130,303,2,1996,2,1,3,0
93,432,2,1997,1,1,3,0
130,304,2,1996,2,1,3,0
93,433,2,1997,1,1,3,0
90,490,2,1996,2,1,3,0
130,302,2,1995,2,1,3,0
130,303,2,1995,2,1,3,0
130,302,2,1994,2,1,3,0
87,450,2,1994,1,1,3,1
17,744,2,1994,2,1,3,0
154,277,1,1994,1,1,3,0
87,448,2,1994,1,1,3,1
17,744,2,1992,2,1,3,0
130,299,2,1992,2,1,3,0
87,447,2,1993,1,1,3,0
17,744,2,1993,1,1,3,0
154,277,1,1993,1,1,3,0
130,300,2,1993,2,1,3,0
130,302,2,1993,2,1,3,0
130,300,2,1992,2,1,3,0
87,448,2,1993,1,1,3,0
87,450,2,1993,1,1,3,0
87,447,2,1992,1,1,3,0
87,448,2,1992,1,1,3,0
87,450,2,1992,1,1,3,0
116,261,1,1991,2,1,3,0
87,449,2,1991,1,1,3,0
17,744,2,1991,1,1,3,0
148,272,2,1991,1,1,3,0
90,488,2,1991,1,1,3,0
130,294,2,1991,2,1,3,0
130,299,2,1991,2,1,3,0
130,300,2,1991,2,1,3,0
148,273,2,1991,1,1,3,0
154,276,1,1990,1,1,3,1
90,488,2,1990,1,1,3,0
130,294,2,1990,2,1,3,0
97,414,2,1991,2,1,3,1
130,299,2,1990,2,1,3,0
130,300,2,1990,2,1,3,0
130,301,2,1990,2,1,3,0
87,445,2,1990,2,1,3,0
148,272,2,1990,1,1,3,0
116,261,1,1990,1,1,3,0
154,170,2,1990,2,1,3,0
130,294,2,1989,2,1,4,0
130,296,2,1989,2,1,4,0
130,299,2,1989,2,1,4,0
130,300,2,1989,2,1,4,0
97,414,2,1989,2,1,3,0
116,261,1,1989,1,1,3,0
87,443,2,1989,1,1,3,0
148,272,2,1989,1,1,4,0
90,488,2,1989,2,1,3,0
87,444,2,1989,1,1,3,0
148,273,2,1989,1,1,4,0
154,170,2,1989,1,1,3,0
121,206,1,1989,1,1,3,0
119,243,2,1989,1,1,4,0
90,487,2,1988,2,1,3,0
130,293,2,1988,2,1,4,0
90,488,2,1988,2,1,3,0
130,294,2,1988,2,1,4,0
130,295,2,1988,2,1,4,0
130,296,2,1988,2,1,4,0
130,297,2,1988,2,1,4,0
130,299,2,1988,2,1,4,0
148,272,2,1988,1,1,4,0
148,273,2,1988,1,1,4,0
121,204,1,1988,1,1,3,0
116,261,1,1988,2,1,3,0
97,410,2,1986,1,1,3,0
116,261,1,1986,1,1,3,0
148,272,2,1986,1,1,4,0
90,483,2,1986,2,1,3,0
130,293,2,1986,2,1,4,0
154,170,2,1987,2,1,3,0
121,204,1,1987,1,1,3,0
97,410,2,1987,2,1,3,0
116,261,1,1987,1,1,3,0
148,272,2,1987,1,1,4,0
90,484,2,1987,2,1,3,0
130,293,2,1987,2,1,4,0
148,273,2,1987,1,1,4,0
90,486,2,1987,2,1,3,0
130,294,2,1987,2,1,4,0
130,295,2,1987,2,1,4,0
130,296,2,1987,2,1,4,0
130,297,2,1987,2,1,4,0
130,299,2,1987,2,1,4,0
148,273,2,1986,1,1,4,0
90,484,2,1986,2,1,3,0
130,294,2,1986,2,1,4,0
130,295,2,1986,2,1,4,0
130,296,2,1986,2,1,4,0
130,297,2,1986,2,1,4,0
130,299,2,1986,2,1,4,0
119,241,2,1986,1,1,3,1
121,204,1,1986,1,1,3,0
148,272,2,1985,1,1,4,0
130,293,2,1985,2,1,4,0
148,273,2,1985,1,1,4,0
130,294,2,1985,2,1,4,0
130,295,2,1985,2,1,4,0
130,296,2,1985,2,1,4,0
130,297,2,1985,2,1,4,0
130,299,2,1985,2,1,4,0
121,204,1,1985,1,1,3,0
97,410,2,1985,2,1,3,0
97,412,2,1985,2,1,3,0
130,293,2,1984,2,1,4,0
130,294,2,1984,2,1,4,0
130,295,2,1984,2,1,4,0
130,296,2,1984,2,1,4,0
130,297,2,1984,2,1,4,0
130,298,2,1984,2,1,4,0
130,299,2,1984,2,1,4,0
148,272,2,1984,1,1,4,0
148,273,2,1984,1,1,4,0
90,482,2,1983,2,1,3,0
130,293,2,1983,2,1,4,0
121,204,1,1984,1,1,3,0
119,239,2,1984,2,1,4,0
97,410,2,1984,2,1,3,0
97,412,2,1984,2,1,3,0
130,294,2,1983,2,1,4,0
130,295,2,1983,2,1,4,0
130,296,2,1983,2,1,4,0
130,297,2,1983,2,1,4,0
130,299,2,1983,2,1,4,0
148,272,2,1983,1,1,4,0
148,273,2,1983,1,1,4,0
116,261,1,1983,1,1,3,0
121,204,1,1983,1,1,3,0
119,239,2,1983,1,1,4,0
97,412,2,1983,2,1,3,0
130,293,2,1982,2,1,4,0
130,294,2,1982,2,1,4,0
130,295,2,1982,2,1,4,0
130,296,2,1982,2,1,4,0
130,297,2,1982,2,1,4,0
130,299,2,1982,2,1,4,0
87,440,2,1982,1,1,3,0
148,272,2,1982,1,1,4,0
90,482,2,1982,2,1,3,0
148,273,2,1982,1,1,4,0
90,485,2,1982,2,1,3,0
90,481,2,1981,2,1,4,0
130,293,2,1981,2,1,4,0
121,204,1,1982,2,1,4,0
116,261,1,1982,1,1,3,0
90,482,2,1981,2,1,4,0
130,294,2,1981,2,1,4,0
130,295,2,1981,2,1,4,0
130,296,2,1981,2,1,4,0
130,297,2,1981,2,1,4,0
130,299,2,1981,2,1,4,0
116,261,1,1981,1,1,3,0
148,272,2,1981,1,1,4,0
130,293,2,1980,2,1,4,0
11,729,2,1981,1,1,3,0
121,204,1,1981,1,1,3,0
130,294,2,1980,2,1,4,0
11,730,2,1981,1,1,3,0
130,295,2,1980,2,1,4,0
11,731,2,1981,1,1,3,0
130,296,2,1980,2,1,4,0
130,299,2,1980,2,1,4,0
97,416,1,1979,2,1,3,0
87,439,2,1979,2,1,3,0
148,271,2,1979,1,1,4,0
90,478,2,1979,1,1,4,0
99,567,2,1979,2,1,4,0
11,730,2,1980,1,1,3,0
121,204,1,1980,1,1,3,0
116,261,1,1980,1,1,3,0
97,416,1,1980,1,1,3,0
148,272,2,1980,1,1,4,0
11,731,2,1980,1,1,3,0
148,272,2,1979,1,1,4,0
90,479,2,1979,1,1,4,0
121,204,1,1976,1,1,3,0
26,739,2,1976,1,1,3,0
119,238,2,1976,2,1,3,1
144,253,1,1976,1,1,3,0
97,410,2,1976,2,1,3,0
97,416,1,1976,2,1,3,0
101,494,2,1976,2,1,3,0
99,567,2,1976,2,1,4,0
144,1068,1,1977,1,1,3,0
11,730,2,1977,1,1,3,0
121,204,1,1977,1,1,3,0
26,739,2,1977,1,1,3,1
97,411,2,1977,1,1,3,0
116,262,1,1977,1,1,3,0
97,416,1,1977,2,1,4,0
87,439,2,1977,1,1,3,0
99,567,2,1977,2,1,4,0
11,730,2,1978,1,1,3,0
121,204,1,1978,1,1,3,0
97,411,2,1978,1,1,3,0
116,262,1,1978,1,1,3,0
97,416,1,1978,2,1,4,0
99,567,2,1978,2,1,4,0
11,730,2,1979,1,1,3,0
121,204,1,1979,1,1,3,0
11,731,2,1979,1,1,3,0
144,890,1,1974,1,1,3,0
11,729,2,1974,1,1,3,0
121,204,1,1974,1,1,3,0
36,566,1,1974,1,1,1,1
101,493,2,1974,1,0,3,0
144,890,1,1975,1,1,3,0
11,730,2,1975,1,1,3,0
121,204,1,1975,1,1,3,0
26,739,2,1975,1,0,3,0
97,416,1,1975,2,1,3,0
99,567,2,1975,2,1,4,0
11,730,2,1976,1,1,3,0
11,729,2,1973,1,1,3,0
121,204,1,1973,1,1,3,0
36,566,1,1973,1,1,1,0
97,416,1,1973,1,0,3,0
101,493,2,1973,1,0,3,0
144,1052,1,1972,1,1,3,0
11,729,2,1972,1,1,3,0
121,204,1,1972,1,1,3,0
36,566,1,1972,1,1,1,0
144,890,1,1973,1,1,3,0
144,1068,1,1973,1,1,3,0
144,890,1,1972,1,1,3,0
11,729,2,1970,1,1,3,0
121,204,1,1970,1,1,3,0
36,566,1,1970,1,1,1,0
144,251,1,1970,2,1,3,1
144,890,1,1971,2,1,3,0
144,1052,1,1971,1,1,3,0
11,729,2,1971,1,1,3,0
121,204,1,1971,1,1,3,0
36,566,1,1971,1,1,1,0
87,437,2,1971,1,1,4,0
144,252,1,1970,2,1,3,1
144,1052,1,1968,1,0,3,0
121,204,1,1968,1,1,3,0
36,566,1,1968,1,1,1,0
144,890,1,1969,1,1,3,0
144,1052,1,1969,1,0,3,0
121,204,1,1969,1,1,3,0
36,566,1,1969,1,1,1,0
144,251,1,1969,2,1,3,0
144,890,1,1970,1,1,3,0
144,183,2,1970,2,1,3,0
144,1052,1,1970,1,0,3,0
144,252,1,1969,2,1,3,0
144,890,1,1968,1,1,3,0
36,566,1,1966,1,1,1,0
17,744,2,1966,1,0,3,0
144,890,1,1967,1,1,3,0
144,1052,1,1967,1,0,3,0
121,204,1,1967,1,1,3,0
36,567,1,1967,1,1,1,0
144,1052,1,1966,1,0,3,0
121,204,1,1966,1,1,3,0
144,890,1,1966,1,1,3,0
149,245,2,1960,2,1,4,0
155,219,2,1961,2,1,3,1
36,566,1,1961,2,1,1,0
116,230,2,1963,2,1,3,1
36,566,1,1963,1,1,1,0
144,1052,1,1964,1,0,3,0
36,566,1,1964,1,1,1,0
144,1052,1,1965,1,0,3,0
121,204,1,1965,1,1,3,0
36,566,1,1965,1,1,1,0
155,218,2,1960,1,1,3,0
155,219,2,1960,1,1,3,0
155,218,2,1958,2,1,3,0
155,218,2,1959,2,1,3,0
155,219,2,1958,2,1,3,0
155,219,2,1959,2,1,3,0
33,404,1,1957,2,1,1,0
144,1065,1,1957,1,0,3,0
144,1065,1,1954,1,0,3,0
144,1065,1,1955,1,0,3,0
33,404,1,1955,2,1,1,0
26,736,2,1955,1,0,3,1
144,1065,1,1956,1,0,3,0
33,404,1,1956,2,1,1,0
117,121,1,1956,2,1,2,1
117,28,1,1956,2,1,2,1
144,1065,1,1953,1,0,3,0
144,1065,1,1950,1,0,3,0
144,184,2,1951,2,1,3,0
144,1065,1,1951,1,0,3,0
144,184,2,1952,2,1,3,0
144,1065,1,1952,1,0,3,0
144,184,2,1953,2,1,3,0
144,183,2,1950,2,1,3,0
144,184,2,1950,2,1,3,0
144,1065,1,1949,1,0,3,0
144,1065,1,1948,1,0,3,0
144,183,2,1949,2,1,3,0
144,184,2,1949,2,1,3,0
144,183,2,1948,2,1,3,0
144,184,2,1948,2,1,3,0
57,173,1,1946,1,0,3,1
36,567,1,1966,1,1,1,0
